الجذر,الحرف الأول للجذر,الحرف الثاني للجذر,الحرف الثالث للجذر,فعَل يفعُل,فعَل يفعِل,فعَل يفعَل,فعِل يفعَل,فعُل يفعُل,فعِل يفعِل
أبأ,أ,ب,أ,,,م,,,
أبب,أ,ب,ب,ك,ك,,,,
أبت,أ,ب,ت,ل,ل,,ل,,
أبث,أ,ب,ث,,ك,,ل,,
أبد,أ,ب,د,ل,ل,,ل,,
أبر,أ,ب,ر,ك,ك,,ل,,
أبز,أ,ب,ز,,ل,,,,
أبس,أ,ب,س,,ك,,,,
أبش,أ,ب,ش,,ك,,,,
أبص,أ,ب,ص,,ل,,ل,,
أبض,أ,ب,ض,م,ك,,ل,,
أبط,أ,ب,ط,,م,,,,
أبق,أ,ب,ق,ل,ل,,ل,,
أبك,أ,ب,ك,,,,ل,,
أبل,أ,ب,ل,ك,ك,,ل,ل,
أبن,أ,ب,ن,ك,ك,,,,
أبه,أ,ب,ه,,,ك,ك,,
أبو,أ,ب,و,ك,,,,,
أبي,أ,ب,ي,,,ك,ل,,
أتت,أ,ت,ت,م,,,,,
أتل,أ,ت,ل,,ل,,,,
أتم,أ,ت,م,,ك,,ل,,
أتن,أ,ت,ن,,ل,,,,
أتو,أ,ت,و,ك,,,,,
أتي,أ,ت,ي,,ك,,,,
أثأ,أ,ث,أ,,,م,,,
أثث,أ,ث,ث,ل,ل,,ل,,
أثر,أ,ث,ر,م,م,,ل,,
أثف,أ,ث,ف,,ك,,,,
أثل,أ,ث,ل,,ل,,,ل,
أثم,أ,ث,م,م,م,,ل,,
أثو,أ,ث,و,ك,,,,,
أثي,أ,ث,ي,,ل,,,,
أجأ,أ,ج,أ,,,ل,,,
أجج,أ,ج,ج,ل,ل,,,,
أجد,أ,ج,د,م,,,,,
أجر,أ,ج,ر,ك,ك,,,,
أجل,أ,ج,ل,ك,ك,,ل,,
أجم,أ,ج,م,,ك,,ك,,
أجن,أ,ج,ن,ك,ك,,ل,ل,
أحح,أ,ح,ح,ل,,,,,
أحد,أ,ح,د,,,,ل,,
أحن,أ,ح,ن,,,ل,ل,,
أخذ,أ,خ,ذ,ك,,,ل,ل,
أخو,أ,خ,و,م,,,,,
أدب,أ,د,ب,,ك,,,ل,
أدد,أ,د,د,ك,ك,,,,
أدر,أ,د,ر,,,,ل,,
أدل,أ,د,ل,,ك,,,,
أدم,أ,د,م,م,ك,,ل,ل,
أدو,أ,د,و,ك,,,,,
أدي,أ,د,ي,,ك,,,,
أذج,أ,ذ,ج,ل,,,,,
أذذ,أ,ذ,ذ,م,,,,,
أذن,أ,ذ,ن,ك,,,ل,,
أذي,أ,ذ,ي,,,,ل,,
أرب,أ,ر,ب,,م,,ل,ل,
أرج,أ,ر,ج,,ك,,ل,,
أرخ,أ,ر,خ,م,,ل,,,
أرر,أ,ر,ر,ك,ل,,,,
أرز,أ,ر,ز,,ل,,,,
أرس,أ,ر,س,,ل,,,,
أرش,أ,ر,ش,ك,,,,,
أرض,أ,ر,ض,ك,,,ل,ل,
أرط,أ,ر,ط,ك,,,ل,,
أرق,أ,ر,ق,,,,ل,,
أرك,أ,ر,ك,ك,ك,,ل,,
أرم,أ,ر,م,,ك,,ل,,
أرن,أ,ر,ن,م,,,ل,,
أرو,أ,ر,و,م,,,,,
أري,أ,ر,ي,,ك,,ل,,
أزأ,أ,ز,أ,,,ك,,,
أزب,أ,ز,ب,,ل,,ل,,
أزج,أ,ز,ج,ل,ل,,ل,,
أزح,أ,ز,ح,,ل,,,,
أزر,أ,ز,ر,,ك,,ل,,
أزز,أ,ز,ز,ك,ك,,,,
أزف,أ,ز,ف,,ل,,ل,,
أزق,أ,ز,ق,,ك,,ك,,
أزل,أ,ز,ل,,ك,,,,
أزم,أ,ز,م,,ك,,ل,,
أزو,أ,ز,و,ك,,,,,
أزي,أ,ز,ي,,ك,,ل,,
أسد,أ,س,د,,ك,,ل,,
أسر,أ,س,ر,,م,,ل,,
أسس,أ,س,س,ك,,,,,
أسف,أ,س,ف,,,,ل,,
أسل,أ,س,ل,,,,,ل,
أسن,أ,س,ن,ك,ل,,ل,,
أسو,أ,س,و,ك,,,,,
أسي,أ,س,ي,,ك,,ل,,
أشب,أ,ش,ب,م,م,,ل,,
أشح,أ,ش,ح,,,,ل,,
أشر,أ,ش,ر,م,م,,ل,,
أشش,أ,ش,ش,ك,,,,,
أشي,أ,ش,ي,,م,,ل,,
أصت,أ,ص,ت,,ل,,,,
أصد,أ,ص,د,م,,,,,
أصر,أ,ص,ر,,م,,,,
أصص,أ,ص,ص,ك,ك,,,,
أصل,أ,ص,ل,م,,,ل,ل,
أصو,أ,ص,و,ل,,,,,
أصي,أ,ص,ي,,,,ل,,
أضض,أ,ض,ض,م,م,,,,
أضم,أ,ض,م,,,,ل,,
أطر,أ,ط,ر,ك,ك,,,,
أطط,أ,ط,ط,,ل,,,,
أطم,أ,ط,م,,ك,,ل,,
أفت,أ,ف,ت,,م,,,,
أفخ,أ,ف,خ,,م,,,,
أفد,أ,ف,د,,,,ل,,
أفر,أ,ف,ر,,ل,,ل,,
أفز,أ,ف,ز,,ل,,,,
أفف,أ,ف,ف,ل,ل,,,,
أفق,أ,ف,ق,,ك,,ل,,
أفك,أ,ف,ك,,ك,,ل,,
أفل,أ,ف,ل,ل,ل,,ل,,
أفن,أ,ف,ن,,ك,,ل,,
أقط,أ,ق,ط,,م,,,,
أقي,أ,ق,ي,,ك,,,,
أكأ,أ,ك,أ,,,ل,,,
أكد,أ,ك,د,م,,,,,
أكر,أ,ك,ر,م,,,,,
أكك,أ,ك,ك,ك,,,,,
أكل,أ,ك,ل,ك,,,ل,,
أكي,أ,ك,ي,,ل,,,,
ألب,أ,ل,ب,ك,ك,,ل,,
ألت,أ,ل,ت,,ك,,,,
ألز,أ,ل,ز,,ك,,ل,,
ألس,أ,ل,س,,ك,,,,
ألف,أ,ل,ف,,م,,م,,
ألق,أ,ل,ق,,ك,,ل,,
ألك,أ,ل,ك,م,ك,,,,
ألل,أ,ل,ل,ك,ك,,ل,,
ألم,أ,ل,م,,,,ل,,
أله,أ,ل,ه,,,ك,ل,,
ألو,أ,ل,و,ك,,,,,
ألي,أ,ل,ي,,,,ل,,
أمت,أ,م,ت,,م,,,,
أمج,أ,م,ج,,ل,,ل,,
أمح,أ,م,ح,,ل,,,,
أمد,أ,م,د,,,,ل,,
أمر,أ,م,ر,ك,,,ل,ل,
أمض,أ,م,ض,,,,ل,,
أمل,أ,م,ل,م,,,,,
أمم,أ,م,م,ك,,,م,,
أمن,أ,م,ن,,,,ك,ل,
أمه,أ,م,ه,ل,,,ك,,
أمو,أ,م,و,ل,,,,ل,
أنت,أ,ن,ت,,ك,,,,
أنث,أ,ن,ث,,,,,ل,
أنح,أ,ن,ح,,ل,,,,
أنس,أ,ن,س,,ل,,ل,ل,
أنض,أ,ن,ض,,ل,,,ل,
أنف,أ,ن,ف,ك,ك,,ك,,
أنق,أ,ن,ق,,,,ك,,
أنك,أ,ن,ك,ل,,,,,
أنن,أ,ن,ن,,ك,,,,
أنه,أ,ن,ه,,ل,,,,
أني,أ,ن,ي,,ل,,ل,,
أهل,أ,ه,ل,ك,ك,,ل,,
أهه,أ,ه,ه,ل,,,,,
أهي,أ,ه,ي,,ل,,,,
أوب,أ,و,ب,ك,,,ل,,
أود,أ,و,د,ك,,,ل,,
أور,أ,و,ر,م,,,,,
أوس,أ,و,س,م,,,,,
أوف,أ,و,ف,ك,,,,,
أوق,أ,و,ق,ل,,,,,
أول,أ,و,ل,ك,,,ل,,
أوم,أ,و,م,ك,,,,,
أون,أ,و,ن,ل,,,,,
أوه,أ,و,ه,ل,,,,,
أوي,أ,و,ي,,ك,,,,
أيب,أ,ي,ب,,ل,,,,
أيد,أ,ي,د,,ك,,,,
أير,أ,ي,ر,,م,,,,
أيس,أ,ي,س,,ك,,ل,,
أيض,أ,ي,ض,,ك,,,,
أيك,أ,ي,ك,,,,ل,,
أيم,أ,ي,م,,ك,,,,
أين,أ,ي,ن,,ل,,,,
بأج,ب,أ,ج,,,ك,,,
بأر,ب,أ,ر,,,ك,,,
بأس,ب,أ,س,,,,ل,ل,
بأش,ب,أ,ش,,,ك,,,
بأل,ب,أ,ل,,,,,ل,
بأه,ب,أ,ه,,,ل,,,
بأو,ب,أ,و,ك,,,,,
بأي,ب,أ,ي,,,ك,,,
بتأ,ب,ت,أ,,,ل,,,
بتت,ب,ت,ت,ك,ك,,,,
بتر,ب,ت,ر,م,,,ل,,
بتع,ب,ت,ع,,م,ل,ل,,
بتك,ب,ت,ك,م,م,,,,
بتل,ب,ت,ل,م,م,,ل,,
بتو,ب,ت,و,ل,,,,,
بثث,ب,ث,ث,م,م,,,,
بثر,ب,ث,ر,ل,,,ل,ل,
بثط,ب,ث,ط,,,,ل,,
بثع,ب,ث,ع,,,,ل,,
بثق,ب,ث,ق,ك,,,,,
بثو,ب,ث,و,ل,,,,,
بجج,ب,ج,ج,م,,,ل,,
بجح,ب,ج,ح,,,ك,ك,,
بجد,ب,ج,د,ل,,,,,
بجر,ب,ج,ر,ل,,,ل,,
بجس,ب,ج,س,ك,ك,,,,
بجع,ب,ج,ع,,,م,,,
بجل,ب,ج,ل,ل,,,ل,ل,
بجم,ب,ج,م,,ل,,,,
بحت,ب,ح,ت,,,,,ل,
بحث,ب,ح,ث,,,ك,,,
بحح,ب,ح,ح,,,ل,ل,,
بحر,ب,ح,ر,,,م,ل,,
بحز,ب,ح,ز,,,م,,,
بحش,ب,ح,ش,,,ل,,,
بخت,ب,خ,ت,,,م,,,
بخخ,ب,خ,خ,ل,,,,,
بخر,ب,خ,ر,,,ل,ل,,
بخز,ب,خ,ز,,,م,,,
بخس,ب,خ,س,,,م,,,
بخص,ب,خ,ص,,,م,ل,,
بخع,ب,خ,ع,,,ك,ل,,
بخق,ب,خ,ق,,,م,ل,,
بخل,ب,خ,ل,,,,ل,ل,
بخن,ب,خ,ن,,,ل,,,
بخو,ب,خ,و,ل,,,,,
بدأ,ب,د,أ,,,ك,,,
بدح,ب,د,ح,,,ك,,,
بدخ,ب,د,خ,,,ل,,,
بدد,ب,د,د,ك,,,ل,,
بدر,ب,د,ر,ك,,,,,
بدس,ب,د,س,م,,,,,
بدع,ب,د,ع,,,م,ل,ل,
بدغ,ب,د,غ,,,,ل,ل,
بدل,ب,د,ل,م,,,ل,,
بدن,ب,د,ن,ل,,,,ل,
بده,ب,د,ه,,,م,,,
بدو,ب,د,و,ل,,,,,
بدي,ب,د,ي,,,,ل,,
بذأ,ب,ذ,أ,,,ك,ل,ل,
بذح,ب,ذ,ح,,,ك,ل,,
بذخ,ب,ذ,خ,ل,,,ل,,
بذذ,ب,ذ,ذ,م,,,ل,,
بذر,ب,ذ,ر,ك,,,,ل,
بذع,ب,ذ,ع,,,ك,,,
بذل,ب,ذ,ل,ك,ك,,,,
بذم,ب,ذ,م,,,,,ل,
بذو,ب,ذ,و,ل,,,,ل,
برأ,ب,ر,أ,,,ك,ل,ل,
برت,ب,ر,ت,,,,ل,,
برث,ب,ر,ث,,,,ل,,
برج,ب,ر,ج,ل,,,ل,,
برح,ب,ر,ح,ل,,,ك,,
برد,ب,ر,د,ك,,,,ل,
برر,ب,ر,ر,,ك,,ك,,
برز,ب,ر,ز,ل,,,ل,ل,
برس,ب,ر,س,,,,ل,,
برش,ب,ر,ش,,,,ل,,
برص,ب,ر,ص,,,,ل,,
برض,ب,ر,ض,ل,ل,,,,
برع,ب,ر,ع,ك,,,ل,ل,
برغ,ب,ر,غ,,,,ل,,
برق,ب,ر,ق,ك,,,ل,,
برك,ب,ر,ك,ل,,,,,
برم,ب,ر,م,م,,,ل,,
بره,ب,ر,ه,,,,ل,,
برو,ب,ر,و,ك,,,,,
بري,ب,ر,ي,,ك,,,,
بزج,ب,ز,ج,ك,,,,,
بزخ,ب,ز,خ,,,م,ل,,
بزر,ب,ز,ر,ك,,,,,
بزز,ب,ز,ز,م,,,,,
بزع,ب,ز,ع,,,,,ل,
بزغ,ب,ز,غ,ك,,,,,
بزق,ب,ز,ق,ك,,,,,
بزل,ب,ز,ل,ك,,,,,
بزم,ب,ز,م,ك,ك,,,,
بزو,ب,ز,و,ك,,,ل,,
بسأ,ب,س,أ,,,ل,ل,,
بسر,ب,س,ر,ك,,,,,
بسس,ب,س,س,ك,,,,,
بسط,ب,س,ط,ك,,,,ل,
بسق,ب,س,ق,ك,,,,,
بسل,ب,س,ل,ك,,,,ل,
بسم,ب,س,م,,ل,,,,
بشر,ب,ش,ر,ك,,,ل,ل,
بشش,ب,ش,ش,,,,ل,,
بشع,ب,ش,ع,,,,ل,,
بشق,ب,ش,ق,,ك,,,,
بشك,ب,ش,ك,ك,ك,,,,
بشم,ب,ش,م,,,,ل,,
بشو,ب,ش,و,ل,,,,,
بصر,ب,ص,ر,ك,,,ل,ل,
بصص,ب,ص,ص,,ل,,,,
بصع,ب,ص,ع,,,ك,,,
بصق,ب,ص,ق,ك,,,,,
بصم,ب,ص,م,,ل,,,,
بصو,ب,ص,و,ك,,,,,
بضض,ب,ض,ض,ك,ك,,ل,,
بضع,ب,ض,ع,,,ك,,,
بضك,ب,ض,ك,,م,,,,
بضم,ب,ض,م,ل,,,,,
بطأ,ب,ط,أ,,,,,ل,
بطح,ب,ط,ح,,,م,,,
بطر,ب,ط,ر,م,م,,ك,,
بطش,ب,ط,ش,ل,ل,,,,
بطط,ب,ط,ط,م,,,,,
بطغ,ب,ط,غ,,,,ل,,
بطل,ب,ط,ل,ل,,,ل,ل,
بطن,ب,ط,ن,ك,,,ل,ل,
بظر,ب,ظ,ر,,,,ل,,
بظظ,ب,ظ,ظ,ك,,,,,
بظو,ب,ظ,و,ل,,,,,
بعث,ب,ع,ث,,,ك,ل,,
بعج,ب,ع,ج,,,م,,,
بعد,ب,ع,د,,,,ل,ل,
بعر,ب,ع,ر,,,ك,ل,,
بعص,ب,ع,ص,,,ل,,,
بعض,ب,ع,ض,,,م,,,
بعط,ب,ع,ط,,,ك,,,
بعع,ب,ع,ع,م,ل,,,,
بعق,ب,ع,ق,,,ك,,,
بعك,ب,ع,ك,,,م,ل,,
بعل,ب,ع,ل,,,ل,ل,,
بعو,ب,ع,و,ك,,ك,,,
بعي,ب,ع,ي,,م,,,,
بغت,ب,غ,ت,,,م,,,
بغث,ب,غ,ث,,,,ل,,
بغر,ب,غ,ر,ك,,ل,ل,,
بغز,ب,غ,ز,,,ك,,,
بغش,ب,غ,ش,,,ك,,,
بغض,ب,غ,ض,م,,,ل,ل,
بغغ,ب,غ,غ,ل,,,,,
بغل,ب,غ,ل,,,,,ل,
بغم,ب,غ,م,ك,ك,ك,,,
بغو,ب,غ,و,ك,,,,,
بغي,ب,غ,ي,,ك,,,,
بقت,ب,ق,ت,م,,,,,
بقث,ب,ق,ث,م,,,,,
بقر,ب,ق,ر,ك,,,ل,,
بقط,ب,ق,ط,م,,,,,
بقع,ب,ق,ع,,,ك,ل,,
بقق,ب,ق,ق,ك,ل,,,,
بقل,ب,ق,ل,ك,,,,,
بقم,ب,ق,م,,,,ل,,
بقو,ب,ق,و,م,,,,,
بقي,ب,ق,ي,,م,,ل,,
بكأ,ب,ك,أ,,,ل,ل,ل,
بكت,ب,ك,ت,م,,,,,
بكر,ب,ك,ر,ل,,,ل,,
بكس,ب,ك,س,م,,,,,
بكش,ب,ك,ش,م,,,,,
بكع,ب,ك,ع,,,ك,,,
بكك,ب,ك,ك,ك,,,,,
بكل,ب,ك,ل,ك,,,,,
بكم,ب,ك,م,,,,ل,ل,
بكي,ب,ك,ي,,ك,,,,
بلت,ب,ل,ت,ل,م,,ل,ل,
بلج,ب,ل,ج,ل,ك,,ل,,
بلح,ب,ل,ح,,,ل,,,
بلخ,ب,ل,خ,,,,ل,,
بلد,ب,ل,د,ك,,,ل,ل,
بلط,ب,ل,ط,م,,,,,
بلع,ب,ل,ع,,,م,م,,
بلغ,ب,ل,غ,ك,,,,ل,
بلق,ب,ل,ق,ك,,,ل,ل,
بلك,ب,ل,ك,م,,,,,
بلل,ب,ل,ل,ك,ل,,ل,,
بلم,ب,ل,م,,,,ل,,
بله,ب,ل,ه,,,,ل,,
بلو,ب,ل,و,م,,,,,
بلي,ب,ل,ي,,,,ل,,
بنج,ب,ن,ج,ل,,,,,
بنح,ب,ن,ح,,,م,,,
بنش,ب,ن,ش,ل,,,,,
بنق,ب,ن,ق,ك,,,,,
بنن,ب,ن,ن,,ل,,,,
بني,ب,ن,ي,,ك,,,,
بهأ,ب,ه,أ,,,ك,ل,ل,
بهت,ب,ه,ت,,,م,ل,,
بهث,ب,ه,ث,,,ل,,,
بهج,ب,ه,ج,,,م,ل,ل,
بهر,ب,ه,ر,,,ك,,,
بهز,ب,ه,ز,,,م,,,
بهس,ب,ه,س,,,ل,,,
بهش,ب,ه,ش,,,ك,,,
بهص,ب,ه,ص,,,,ل,,
بهض,ب,ه,ض,,,م,,,
بهظ,ب,ه,ظ,,,م,,,
بهق,ب,ه,ق,,,,ل,,
بهل,ب,ه,ل,,,م,ل,,
بهه,ب,ه,ه,,,,ل,,
بهو,ب,ه,و,ك,,ك,ل,ل,
بوأ,ب,و,أ,ك,,,,,
بوب,ب,و,ب,ل,,,,,
بوث,ب,و,ث,ك,,,,,
بوج,ب,و,ج,ك,,,,,
بوح,ب,و,ح,ك,,,,,
بوخ,ب,و,خ,ل,,,,,
بوذ,ب,و,ذ,ل,,,,,
بور,ب,و,ر,ك,,,,,
بوز,ب,و,ز,ل,,,,,
بوس,ب,و,س,ك,,,,,
بوش,ب,و,ش,ك,,,,,
بوص,ب,و,ص,ك,,,,,
بوض,ب,و,ض,ل,,,,,
بوط,ب,و,ط,ل,,,,,
بوظ,ب,و,ظ,ل,,,,,
بوع,ب,و,ع,ك,,,,,
بوق,ب,و,ق,ك,,,,,
بوك,ب,و,ك,ك,,,,,
بول,ب,و,ل,ل,,,,,
بون,ب,و,ن,م,,,,,
بوه,ب,و,ه,ك,,,ل,,
بوي,ب,و,ي,,ل,,,,
بيب,ب,ي,ب,,ل,,,,
بيت,ب,ي,ت,,ك,,ك,,
بيث,ب,ي,ث,,م,,,,
بيد,ب,ي,د,,ل,,,,
بيز,ب,ي,ز,,ل,,,,
بيس,ب,ي,س,,ل,,,,
بيض,ب,ي,ض,,ك,,,,
بيظ,ب,ي,ظ,,ل,,,,
بيع,ب,ي,ع,,ك,,,,
بيغ,ب,ي,غ,,ل,,,,
بين,ب,ي,ن,,ك,,,,
بيه,ب,ي,ه,,ل,,,,
تأر,ت,أ,ر,,,ك,,,
تأز,ت,أ,ز,,,ل,,,
تأق,ت,أ,ق,,,,ل,,
تأي,ت,أ,ي,,,م,,,
تبب,ت,ب,ب,ك,ل,,,,
تبر,ت,ب,ر,ك,ك,,ل,,
تبع,ت,ب,ع,,,,م,,
تبل,ت,ب,ل,م,,,,,
تبن,ت,ب,ن,,م,,ل,,
تبو,ت,ب,و,ل,,,,,
تجر,ت,ج,ر,ل,,,,,
تحم,ت,ح,م,م,,,,,
تخخ,ت,خ,خ,,ل,,,,
تخذ,ت,خ,ذ,,,,م,,
تخم,ت,خ,م,,م,,ل,,
ترب,ت,ر,ب,م,,,ل,,
ترج,ت,ر,ج,ل,,,ل,,
ترح,ت,ر,ح,,,,ل,,
ترخ,ت,ر,خ,,,م,,,
ترر,ت,ر,ر,ك,ك,,ل,,
ترز,ت,ر,ز,,ك,,ك,,
ترس,ت,ر,س,م,,,,,
ترش,ت,ر,ش,,,,ل,,
ترص,ت,ر,ص,,,,,ل,
ترع,ت,ر,ع,,,ك,ل,,
ترف,ت,ر,ف,,,,ل,,
ترك,ت,ر,ك,ك,,,ل,,
تره,ت,ر,ه,,,,ل,,
تري,ت,ر,ي,,ل,,,,
تسع,ت,س,ع,,م,م,,,
تطو,ت,ط,و,ل,,,,,
تعب,ت,ع,ب,,,,ل,,
تعر,ت,ع,ر,,,ل,,,
تعس,ت,ع,س,,,ك,ل,,
تعص,ت,ع,ص,,,,ل,,
تعع,ت,ع,ع,ل,ل,,,,
تعل,ت,ع,ل,,,,ل,,
تعي,ت,ع,ي,,,ل,,,
تغب,ت,غ,ب,,,ل,ل,,
تغر,ت,غ,ر,,,ل,ل,,
تغو,ت,غ,و,م,,,,,
تغي,ت,غ,ي,,م,,,,
تفأ,ت,ف,أ,,,,ل,,
تفث,ت,ف,ث,,,,ل,,
تفل,ت,ف,ل,ك,ك,,ل,,
تفن,ت,ف,ن,,م,,,,
تفه,ت,ف,ه,ل,,,ل,,
تقع,ت,ق,ع,,,,ل,,
تكك,ت,ك,ك,ك,ك,,,,
تلد,ت,ل,د,ل,ل,,ل,,
تلع,ت,ل,ع,,,ك,ل,ل,
تلف,ت,ل,ف,,,,ل,,
تلل,ت,ل,ل,ك,ل,,,,
تله,ت,ل,ه,,,,ك,,
تلو,ت,ل,و,ك,,,ل,,
تلي,ت,ل,ي,,ك,,,,
تمر,ت,م,ر,م,,,,,
تمش,ت,م,ش,م,,,,,
تمك,ت,م,ك,ل,ل,,,,
تمم,ت,م,م,,ك,,,,
تمه,ت,م,ه,,,,ل,,
تنأ,ت,ن,أ,,,ل,,,
تنخ,ت,ن,خ,,,ل,ل,,
تنم,ت,ن,م,ل,,,,,
تنن,ت,ن,ن,,ل,,,,
تهم,ت,ه,م,,,,ل,,
تهن,ت,ه,ن,,,,ل,,
تهو,ت,ه,و,ل,,,,,
توب,ت,و,ب,ل,,,,,
توج,ت,و,ج,ل,,,,,
توح,ت,و,ح,ل,,,,,
تور,ت,و,ر,ل,,,,,
توز,ت,و,ز,ل,,,,,
توع,ت,و,ع,م,,,,,
توف,ت,و,ف,ل,,,,,
توق,ت,و,ق,ك,,,,,
تول,ت,و,ل,ل,,,,,
توه,ت,و,ه,ك,,,,,
توي,ت,و,ي,,م,,ل,,
تيح,ت,ي,ح,,ل,,,,
تيخ,ت,ي,خ,,م,,,,
تيز,ت,ي,ز,,ك,,,,
تيس,ت,ي,س,,ل,,,,ل
تيع,ت,ي,ع,,ك,,,,
تيك,ت,ي,ك,,ل,,,,
تيم,ت,ي,م,,ك,,,,
تيه,ت,ي,ه,,ل,,,,
ثأب,ث,أ,ب,,,,ل,,
ثأج,ث,أ,ج,,,ل,,,
ثأد,ث,أ,د,,,,ل,,
ثأر,ث,أ,ر,,,ك,,,
ثأط,ث,أ,ط,,,,ل,,
ثأي,ث,أ,ي,,,ك,ل,,
ثبب,ث,ب,ب,,ل,,,,
ثبت,ث,ب,ت,ل,,,,ل,
ثبج,ث,ب,ج,ك,ك,,ل,,
ثبر,ث,ب,ر,ك,,,ل,,
ثبط,ث,ب,ط,ك,,,ل,,
ثبق,ث,ب,ق,,ل,,,,
ثبن,ث,ب,ن,,ك,,,,
ثبي,ث,ب,ي,,م,,,,
ثتم,ث,ت,م,ك,,,,,
ثتن,ث,ت,ن,,,,ل,,
ثجج,ث,ج,ج,ك,ل,,,,
ثجر,ث,ج,ر,م,,,ل,,
ثجل,ث,ج,ل,,,,ل,,
ثجم,ث,ج,م,ك,,,ل,,
ثجو,ث,ج,و,ك,,,,,
ثحج,ث,ح,ج,,,م,,,
ثخخ,ث,خ,خ,ل,,,,,
ثخن,ث,خ,ن,,,,,ل,
ثدغ,ث,د,غ,,,م,,,
ثدق,ث,د,ق,ك,,,,,
ثدن,ث,د,ن,,,,ل,,
ثدو,ث,د,و,م,,,,,
ثدي,ث,د,ي,,م,,ل,,
ثرب,ث,ر,ب,,ك,,,,
ثرد,ث,ر,د,ك,,,ل,,
ثرر,ث,ر,ر,ك,ك,,,,
ثرط,ث,ر,ط,,ك,,,,
ثرع,ث,ر,ع,,,,ل,,
ثرغ,ث,ر,غ,,,,ل,,
ثرم,ث,ر,م,,م,,ل,,
ثرن,ث,ر,ن,,,,ل,,
ثرو,ث,ر,و,ك,,,ل,,
ثري,ث,ر,ي,,م,,ل,,
ثطأ,ث,ط,أ,,,م,ك,,
ثطط,ث,ط,ط,ل,ل,,,,
ثطع,ث,ط,ع,,,ل,,,
ثطو,ث,ط,و,ل,,,ل,,
ثعب,ث,ع,ب,,,م,,,
ثعر,ث,ع,ر,,,,ل,,
ثعط,ث,ع,ط,,,,ل,,
ثعع,ث,ع,ع,,ل,,,,
ثعل,ث,ع,ل,,,,ل,,
ثعم,ث,ع,م,,,م,,,
ثغب,ث,غ,ب,,,م,,,
ثغر,ث,غ,ر,,,ك,,,
ثغم,ث,غ,م,,,,ل,,
ثغو,ث,غ,و,ل,,,,,
ثفأ,ث,ف,أ,,,م,,,
ثفج,ث,ف,ج,ل,,,,,
ثفر,ث,ف,ر,,م,,,,
ثفل,ث,ف,ل,ك,,,,,
ثفن,ث,ف,ن,,ك,,ل,,
ثفو,ث,ف,و,م,,,,,
ثفي,ث,ف,ي,,م,,,,
ثقب,ث,ق,ب,ك,,,,ل,
ثقف,ث,ق,ف,م,,,ك,ل,
ثقل,ث,ق,ل,م,,,ل,ل,
ثكك,ث,ك,ك,,ل,,,,
ثكل,ث,ك,ل,,,,م,,
ثكم,ث,ك,م,ك,,,ك,,
ثلب,ث,ل,ب,,م,,ل,,
ثلث,ث,ل,ث,م,م,,,,
ثلج,ث,ل,ج,ك,ك,,ل,,
ثلخ,ث,ل,خ,,,ل,ل,,
ثلد,ث,ل,د,,ل,,,,
ثلط,ث,ل,ط,,ك,,,,
ثلع,ث,ل,ع,,,م,,,
ثلغ,ث,ل,غ,,,م,,,
ثلل,ث,ل,ل,ك,,,ل,,
ثلم,ث,ل,م,,م,,ل,,
ثمأ,ث,م,أ,,,م,,,
ثمج,ث,م,ج,,م,,,,
ثمد,ث,م,د,ك,ك,,ل,,
ثمر,ث,م,ر,ك,,,,,
ثمغ,ث,م,غ,,,ك,,,
ثمل,ث,م,ل,ك,ك,,ل,,
ثمم,ث,م,م,ك,,,,,
ثمن,ث,م,ن,م,م,,,ل,
ثنت,ث,ن,ت,,,,ل,,
ثنط,ث,ن,ط,ك,,,,,
ثني,ث,ن,ي,,ك,,,,
ثهت,ث,ه,ت,,,,ل,,
ثهو,ث,ه,و,ل,,,,,
ثوب,ث,و,ب,ل,,,,,
ثور,ث,و,ر,ل,,,,,
ثوع,ث,و,ع,ل,,,,,
ثول,ث,و,ل,ك,,,ل,,
ثوي,ث,و,ي,,ك,,,,
ثيخ,ث,ي,خ,,ل,,,,
ثيع,ث,ي,ع,,ل,,,,
جأب,ج,أ,ب,,,ك,,,
جأث,ج,أ,ث,,,ل,ل,,
جأج,ج,أ,ج,,,ل,,,
جأذ,ج,أ,ذ,,,ل,,,
جأر,ج,أ,ر,,,ل,ل,,
جأز,ج,أ,ز,,,,ل,,
جأش,ج,أ,ش,,,ل,,,
جأص,ج,أ,ص,,,ك,,,
جأف,ج,أ,ف,,,م,,,
جأل,ج,أ,ل,,,ك,ل,,
جأو,ج,أ,و,,,ك,,,
جأي,ج,أ,ي,,,ك,ل,,
جبأ,ج,ب,أ,,,ك,ك,,
جبب,ج,ب,ب,ك,,,,,
جبج,ج,ب,ج,ل,,,,,
جبح,ج,ب,ح,,,ل,,,
جبخ,ج,ب,خ,,,ك,,,
جبذ,ج,ب,ذ,,ك,,,,
جبر,ج,ب,ر,ك,,,,,
جبز,ج,ب,ز,ك,,,,ل,
جبش,ج,ب,ش,,م,,,,
جبل,ج,ب,ل,م,م,,ل,,
جبن,ج,ب,ن,ل,,,,ل,
جبه,ج,ب,ه,,,م,ل,,
جبو,ج,ب,و,ك,,,,,
جبي,ج,ب,ي,,ك,,,,
جتت,ج,ت,ت,م,,,,,
جثث,ج,ث,ث,ك,,,,,
جثط,ج,ث,ط,,ل,,,,
جثل,ج,ث,ل,م,,,ل,ل,
جثم,ج,ث,م,ك,ك,,,,
جثو,ج,ث,و,ك,,,,,
جثي,ج,ث,ي,,ك,,,,
جحح,ج,ح,ح,م,,,,,
جحد,ج,ح,د,,,ك,ل,,
جحر,ج,ح,ر,,,ك,,,
جحس,ج,ح,س,,,ك,,,
جحش,ج,ح,ش,,,ك,,,
جحظ,ج,ح,ظ,,,ك,,,
جحف,ج,ح,ف,,,ك,,,
جحل,ج,ح,ل,,,ك,,,
جحم,ج,ح,م,,,م,ل,ل,
جحن,ج,ح,ن,,,ل,ل,,
جحو,ج,ح,و,ك,,,,,
جخخ,ج,خ,خ,ك,,,,,
جخر,ج,خ,ر,,,ك,ل,,
جخف,ج,خ,ف,ل,ل,,ل,,
جخو,ج,خ,و,م,,,,,
جدب,ج,د,ب,ك,ك,,ل,ل,
جدح,ج,د,ح,,,ك,,,
جدد,ج,د,د,ك,ك,,ل,,
جدر,ج,د,ر,ك,,,ل,ل,
جدس,ج,د,س,ل,,,,,
جدش,ج,د,ش,,م,,,,
جدع,ج,د,ع,,,م,ل,,
جدف,ج,د,ف,,ك,,,,
جدل,ج,د,ل,ك,ك,,ل,,
جدم,ج,د,م,ك,,,,,
جدو,ج,د,و,ك,,,,,
جدي,ج,د,ي,,ك,,,,
جذب,ج,ذ,ب,م,ك,,,,
جذذ,ج,ذ,ذ,ك,,,,,
جذر,ج,ذ,ر,م,,,,,
جذع,ج,ذ,ع,,,ك,,,
جذف,ج,ذ,ف,,ك,,,,
جذل,ج,ذ,ل,ل,,,ل,,
جذم,ج,ذ,م,م,م,,ل,,
جذو,ج,ذ,و,ل,,,,,
جذي,ج,ذ,ي,,م,,,,
جرأ,ج,ر,أ,,,,,ل,
جرب,ج,ر,ب,,,,ل,,
جرج,ج,ر,ج,م,,,ل,,
جرح,ج,ر,ح,,,ك,ل,,
جرد,ج,ر,د,ك,,,ل,,
جرذ,ج,ر,ذ,ل,,,ل,,
جرر,ج,ر,ر,ك,,,,,
جرز,ج,ر,ز,ك,,,ل,ل,
جرس,ج,ر,س,ك,ك,,,,
جرش,ج,ر,ش,ك,ك,,,,
جرض,ج,ر,ض,م,ل,,ل,,
جرط,ج,ر,ط,,,,ل,,
جرع,ج,ر,ع,,,م,ك,,
جرف,ج,ر,ف,ك,,,,,
جرل,ج,ر,ل,,,,ل,,
جرم,ج,ر,م,,ك,,ل,ل,
جرن,ج,ر,ن,ك,,,,,
جري,ج,ر,ي,,ل,,,,
جزأ,ج,ز,أ,,,ك,ل,,
جزح,ج,ز,ح,,,ك,,,
جزر,ج,ز,ر,ك,ك,,,,
جزز,ج,ز,ز,ك,ل,,,,
جزع,ج,ز,ع,,,م,ل,,
جزف,ج,ز,ف,ك,,,,,
جزل,ج,ز,ل,,ك,,ل,ل,
جزم,ج,ز,م,,ك,,,,
جزي,ج,ز,ي,,ك,,,,
جسأ,ج,س,أ,,,ل,,,
جسد,ج,س,د,,,,ل,,
جسر,ج,س,ر,ك,,,,,
جسس,ج,س,س,م,,,,,
جسع,ج,س,ع,,,ل,,,
جسم,ج,س,م,,,,,ل,
جسو,ج,س,و,ل,,,ل,,
جشأ,ج,ش,أ,,,ل,,,
جشب,ج,ش,ب,ك,,,ك,ل,
جشر,ج,ش,ر,ك,,,ل,,
جشش,ج,ش,ش,ك,,,ل,,
جشع,ج,ش,ع,,,,ل,,
جشم,ج,ش,م,,,,ك,,
جشن,ج,ش,ن,,,,ل,,
جصص,ج,ص,ص,,ل,,,,
جضض,ج,ض,ض,ل,,,,,
جظظ,ج,ظ,ظ,ك,,,,,
جعب,ج,ع,ب,,,م,,,
جعد,ج,ع,د,,,,,ل,
جعر,ج,ع,ر,,,ل,,,
جعس,ج,ع,س,,,ل,,,
جعظ,ج,ع,ظ,,,ك,ل,,
جعع,ج,ع,ع,ك,,,,,
جعف,ج,ع,ف,,,م,,,
جعل,ج,ع,ل,,,ك,ل,,
جعم,ج,ع,م,,,ك,ل,,
جعو,ج,ع,و,ك,,,,,
جفأ,ج,ف,أ,,,ك,,,
جفخ,ج,ف,خ,,ل,ل,,,
جفر,ج,ف,ر,ك,ك,,,,
جفس,ج,ف,س,,,,ل,,
جفش,ج,ف,ش,,م,,,,
جفظ,ج,ف,ظ,م,,,,,
جفع,ج,ف,ع,,,م,,,
جفف,ج,ف,ف,ك,ل,,ل,,
جفل,ج,ف,ل,ك,ك,,,,
جفن,ج,ف,ن,ك,,,,,
جفو,ج,ف,و,ك,,,,,
جفي,ج,ف,ي,,م,,,,
جقق,ج,ق,ق,,ل,,,,
جلأ,ج,ل,أ,,,ك,,,
جلب,ج,ل,ب,ك,ك,,ل,,
جلت,ج,ل,ت,,ك,,,,
جلح,ج,ل,ح,,,م,ل,,
جلخ,ج,ل,خ,,,ك,,,
جلد,ج,ل,د,,م,,ل,ل,
جلز,ج,ل,ز,,ك,,,,
جلس,ج,ل,س,,ل,,,,
جلط,ج,ل,ط,,ك,,,,
جلع,ج,ل,ع,,,ك,ك,,
جلغ,ج,ل,غ,,,م,,,
جلف,ج,ل,ف,م,,,ل,,
جلق,ج,ل,ق,,ك,,,,
جلل,ج,ل,ل,ك,ك,,,,
جلم,ج,ل,م,,م,,,,
جله,ج,ل,ه,,,م,ل,,
جلو,ج,ل,و,ك,,,,,
جلي,ج,ل,ي,,م,,ل,,
جمأ,ج,م,أ,,,,ل,,
جمح,ج,م,ح,,,ك,,,
جمخ,ج,م,خ,,,ك,,,
جمد,ج,م,د,ك,,,,ل,
جمر,ج,م,ر,ك,ك,,,,
جمز,ج,م,ز,,ك,,,,
جمس,ج,م,س,ل,,,,ل,
جمش,ج,م,ش,م,م,,,,
جمع,ج,م,ع,,,ك,,,
جمل,ج,م,ل,م,,,,ل,
جمم,ج,م,م,ك,ك,,ل,,
جمي,ج,م,ي,,ل,,,,
جنأ,ج,ن,أ,,,ل,ل,,
جنب,ج,ن,ب,ك,ل,,ل,ل,
جنح,ج,ن,ح,ك,ك,ك,,,
جنز,ج,ن,ز,,م,,,,
جنس,ج,ن,س,ل,,,,,
جنش,ج,ن,ش,,ل,,,,
جنف,ج,ن,ف,,ل,,ل,,
جنق,ج,ن,ق,,ك,,,,
جنن,ج,ن,ن,ك,ل,,,,
جني,ج,ن,ي,,ك,,,,
جهث,ج,ه,ث,,,ل,,,
جهد,ج,ه,د,,,ك,ل,,
جهر,ج,ه,ر,,,ك,ل,ل,
جهز,ج,ه,ز,,,ل,,,
جهش,ج,ه,ش,,,ل,ل,,
جهض,ج,ه,ض,,,م,,,
جهل,ج,ه,ل,,,,ك,,
جهم,ج,ه,م,,,م,م,ل,
جهن,ج,ه,ن,ل,,,,,
جهه,ج,ه,ه,م,,,,,
جهي,ج,ه,ي,,,,ل,,
جوب,ج,و,ب,ك,,,,,
جوث,ج,و,ث,,,,ل,,
جوج,ج,و,ج,ل,,,,,
جوح,ج,و,ح,ك,,,,,
جوخ,ج,و,خ,م,,,,,
جود,ج,و,د,ك,,,,,
جور,ج,و,ر,ل,,,,,
جوز,ج,و,ز,ك,,,,,
جوس,ج,و,س,ك,,,,,
جوش,ج,و,ش,ل,,,,,
جوظ,ج,و,ظ,ك,,,,,
جوع,ج,و,ع,ل,,,,,
جوف,ج,و,ف,م,,,ل,,
جوق,ج,و,ق,,,,ل,,
جول,ج,و,ل,ك,,,,,
جوم,ج,و,م,ل,,,,,
جون,ج,و,ن,ل,,,ل,,
جوه,ج,و,ه,م,,,,,
جوي,ج,و,ي,,,,ك,,
جيأ,ج,ي,أ,,ك,,,,
جيب,ج,ي,ب,,م,,,,
جيح,ج,ي,ح,,م,,,,
جيخ,ج,ي,خ,,م,,,,
جيد,ج,ي,د,,,,ل,,
جير,ج,ي,ر,,,,ل,,
جيش,ج,ي,ش,,ل,,,,
جيض,ج,ي,ض,,ل,,,,
جيظ,ج,ي,ظ,,ك,,,,
جيف,ج,ي,ف,,ل,,,,
حبب,ح,ب,ب,,م,,ل,ل,
حبج,ح,ب,ج,,ك,,ل,,
حبر,ح,ب,ر,ك,,,ل,,
حبس,ح,ب,س,,م,,,,
حبش,ح,ب,ش,ك,,,,,
حبض,ح,ب,ض,,ك,,ل,,
حبط,ح,ب,ط,,ل,,ل,,
حبق,ح,ب,ق,,ك,,,,
حبك,ح,ب,ك,ك,ك,,,,
حبل,ح,ب,ل,م,,,ل,,
حبن,ح,ب,ن,,,,ل,,
حبو,ح,ب,و,ك,,,,,
حبي,ح,ب,ي,,ل,,,,
حتأ,ح,ت,أ,,,ك,,,
حتت,ح,ت,ت,ك,,,,,
حتد,ح,ت,د,,ل,,ل,,
حتر,ح,ت,ر,ك,ك,,,,
حتش,ح,ت,ش,ك,,,,,
حتف,ح,ت,ف,,م,,,,
حتك,ح,ت,ك,,ك,,,,
حتل,ح,ت,ل,م,,,ل,,
حتم,ح,ت,م,,ك,,,,
حتن,ح,ت,ن,,,,ل,,
حتو,ح,ت,و,ك,,,,,
حتي,ح,ت,ي,,م,,,,
حثث,ح,ث,ث,ك,,,,,
حثر,ح,ث,ر,,,,ل,,
حثل,ح,ث,ل,,,,ل,,
حثم,ح,ث,م,,ك,,,,
حثو,ح,ث,و,ك,,,,,
حثي,ح,ث,ي,,ك,,,,
حجأ,ح,ج,أ,,,ك,ل,,
حجب,ح,ج,ب,ك,,,,,
حجج,ح,ج,ج,ك,,,,,
حجر,ح,ج,ر,ك,,,,,
حجز,ح,ج,ز,ك,ك,,ل,,
حجل,ح,ج,ل,ل,ل,,ل,,
حجم,ح,ج,م,ك,م,,,,
حجن,ح,ج,ن,,ك,,ل,,
حجو,ح,ج,و,ك,,,ك,,
حدأ,ح,د,أ,,,ك,ل,,
حدب,ح,د,ب,,ك,,ل,,
حدث,ح,د,ث,ل,,,,,
حدج,ح,د,ج,,ك,,,,
حدد,ح,د,د,ك,ل,,,,
حدر,ح,د,ر,ك,ك,,ل,ل,
حدس,ح,د,س,ك,ك,,,,
حدق,ح,د,ق,,ك,,,,
حدل,ح,د,ل,,ل,,ل,,
حدم,ح,د,م,,م,,ل,,
حدو,ح,د,و,ك,,,,,
حدي,ح,د,ي,,م,,ل,,
حذذ,ح,ذ,ذ,م,,,,,
حذر,ح,ذ,ر,,,,ك,,
حذف,ح,ذ,ف,,ك,,,,
حذق,ح,ذ,ق,,ك,,ك,,
حذل,ح,ذ,ل,,,,ل,,
حذم,ح,ذ,م,,ك,,,,
حذو,ح,ذ,و,ك,,,,,
حذي,ح,ذ,ي,,م,,ل,,
حرب,ح,ر,ب,م,,,ل,,
حرت,ح,ر,ت,م,,,ل,,
حرث,ح,ر,ث,ك,ك,,,,
حرج,ح,ر,ج,م,,,ك,,
حرح,ح,ر,ح,,,ك,ل,,
حرد,ح,ر,د,,ك,,ل,,
حرر,ح,ر,ر,ك,ك,,ك,,
حرز,ح,ر,ز,م,,,ل,ل,
حرس,ح,ر,س,م,م,,ل,,
حرش,ح,ر,ش,,ك,,ل,,
حرص,ح,ر,ص,م,ك,,ل,,
حرض,ح,ر,ض,ك,ك,,ل,ل,
حرف,ح,ر,ف,م,ك,,,ل,
حرق,ح,ر,ق,م,م,,ل,,
حرك,ح,ر,ك,ك,ل,,ل,ل,
حرم,ح,ر,م,,م,,ك,ل,
حرن,ح,ر,ن,ك,,,,ل,
حري,ح,ر,ي,,ك,,,,
حزأ,ح,ز,أ,,,م,,,
حزب,ح,ز,ب,ك,,,,,
حزر,ح,ز,ر,ك,ك,,,ل,
حزز,ح,ز,ز,ك,,,,,
حزق,ح,ز,ق,,ك,,,,
حزك,ح,ز,ك,,م,,,,
حزم,ح,ز,م,,م,,ل,ل,
حزن,ح,ز,ن,م,,,ل,ل,
حزو,ح,ز,و,ك,,,,,
حزي,ح,ز,ي,,ك,,,,
حسب,ح,س,ب,م,,,ك,ل,م
حسد,ح,س,د,م,م,,,,
حسر,ح,س,ر,ك,ك,,ل,ل,
حسس,ح,س,س,ك,ك,,ك,,
حسف,ح,س,ف,,ك,,ل,,
حسك,ح,س,ك,,,,ل,,
حسل,ح,س,ل,ك,,,,,
حسم,ح,س,م,,ك,,,,
حسن,ح,س,ن,ل,,,,ل,
حسو,ح,س,و,ك,,,,,
حسي,ح,س,ي,,ك,,م,,
حشأ,ح,ش,أ,,,م,,,
حشد,ح,ش,د,ك,ك,,,,
حشر,ح,ش,ر,م,م,,,,
حشش,ح,ش,ش,ك,ل,,,,
حشط,ح,ش,ط,م,,,,,
حشف,ح,ش,ف,,ل,,,,
حشك,ح,ش,ك,ل,ك,,ل,,
حشل,ح,ش,ل,م,,,,,
حشم,ح,ش,م,م,ك,,ك,,
حشن,ح,ش,ن,,,,ل,,
حشو,ح,ش,و,م,,,,,
حشي,ح,ش,ي,,,,ل,,
حصأ,ح,ص,أ,,,ل,ل,,
حصب,ح,ص,ب,ك,ك,,ل,,
حصد,ح,ص,د,ك,ك,,ل,,
حصر,ح,ص,ر,ك,ك,,ل,ل,
حصص,ح,ص,ص,ك,,,ل,,
حصف,ح,ص,ف,م,,,ل,ل,
حصل,ح,ص,ل,ك,,,ل,,
حصم,ح,ص,م,,ك,,,,
حصن,ح,ص,ن,ك,,,,ل,
حصو,ح,ص,و,ك,,,,,
حصي,ح,ص,ي,,م,,ك,,
حضأ,ح,ض,أ,,,ك,,,
حضب,ح,ض,ب,,ك,,ل,,
حضج,ح,ض,ج,ك,,,,,
حضر,ح,ض,ر,ك,,,,,
حضض,ح,ض,ض,ك,,,,,
حضل,ح,ض,ل,,,,ل,,
حضن,ح,ض,ن,ك,,,,ل,
حضو,ح,ض,و,ك,,,,,
حطأ,ح,ط,أ,,,ك,,,
حطب,ح,ط,ب,,ك,,ل,,
حطر,ح,ط,ر,م,,,,,
حطط,ح,ط,ط,ك,,,,,
حطم,ح,ط,م,,م,,ل,,
حطو,ح,ط,و,م,,,,,
حظب,ح,ظ,ب,ل,ل,,ل,,
حظر,ح,ظ,ر,ك,,,,,
حظظ,ح,ظ,ظ,,,,ل,,
حظل,ح,ظ,ل,ك,ك,,ل,,
حظو,ح,ظ,و,ل,,,ل,,
حفأ,ح,ف,أ,,,م,,,
حفت,ح,ف,ت,م,,,,,
حفد,ح,ف,د,,ك,,,,
حفر,ح,ف,ر,,ك,,ل,,
حفز,ح,ف,ز,,ك,,,,
حفس,ح,ف,س,,ل,,,,
حفش,ح,ف,ش,,ك,,ل,,
حفص,ح,ف,ص,,م,,,,
حفض,ح,ف,ض,م,,,,,
حفظ,ح,ف,ظ,,,,م,,
حفف,ح,ف,ف,ك,ك,,,,
حفل,ح,ف,ل,,ك,,,,
حفن,ح,ف,ن,ك,,,ل,,
حفو,ح,ف,و,ك,,,ل,,
حقب,ح,ق,ب,,,,ل,,
حقد,ح,ق,د,,ل,,ل,,
حقر,ح,ق,ر,,ك,,ل,ل,
حقص,ح,ق,ص,ل,,,,,
حقط,ح,ق,ط,,,,ل,,
حقف,ح,ق,ف,ل,,,,,
حقق,ح,ق,ق,ك,ك,,ك,,
حقل,ح,ق,ل,,ل,,ل,,
حقن,ح,ق,ن,م,م,,,,
حقو,ح,ق,و,م,,,ل,,
حكأ,ح,ك,أ,,,م,,,
حكد,ح,ك,د,,ل,,,,
حكر,ح,ك,ر,,ك,,ك,,
حكش,ح,ك,ش,ك,,,,,
حكك,ح,ك,ك,ك,,,ل,,
حكل,ح,ك,ل,ك,,,,,
حكم,ح,ك,م,ك,,,,ل,
حكي,ح,ك,ي,,ك,,,,
حلأ,ح,ل,أ,,,م,ل,,
حلب,ح,ل,ب,ك,ك,,ل,,
حلت,ح,ل,ت,,ك,,,,
حلج,ح,ل,ج,ك,ك,,,,
حلز,ح,ل,ز,م,,,,,
حلس,ح,ل,س,ك,ك,,ل,,
حلط,ح,ل,ط,ل,,,ل,,
حلف,ح,ل,ف,,ل,,,ل,
حلق,ح,ل,ق,ك,ك,,ل,,
حلك,ح,ل,ك,ل,,,ل,,
حلل,ح,ل,ل,ك,ك,,ل,,
حلم,ح,ل,م,ك,,,ل,ل,
حلو,ح,ل,و,ك,,,ك,ل,
حلي,ح,ل,ي,,م,,ل,,
حمأ,ح,م,أ,,,م,ل,,
حمت,ح,م,ت,,م,,ل,ل,
حمد,ح,م,د,,,,ك,,
حمر,ح,م,ر,م,,,ل,,
حمز,ح,م,ز,,ك,,,ل,
حمس,ح,م,س,,م,,ك,ل,
حمش,ح,م,ش,م,ل,,ل,ل,
حمص,ح,م,ص,ك,,,,,
حمض,ح,م,ض,ل,,,ل,ل,
حمط,ح,م,ط,,م,,,,
حمق,ح,م,ق,,,,ل,ل,
حمك,ح,م,ك,,ل,,ل,,
حمل,ح,م,ل,,ك,,,,
حمم,ح,م,م,ك,,,ل,,
حمو,ح,م,و,ك,,,,,
حمي,ح,م,ي,,ك,,ل,,
حنأ,ح,ن,أ,,,ك,,,
حنب,ح,ن,ب,,,,ل,,
حنث,ح,ن,ث,,,,ل,,
حنج,ح,ن,ج,,ك,,,,
حنذ,ح,ن,ذ,,ك,,,,
حنر,ح,ن,ر,م,,,,,
حنس,ح,ن,س,,,,ل,,
حنش,ح,ن,ش,,ك,,,,
حنط,ح,ن,ط,ل,ل,,ل,,
حنف,ح,ن,ف,,ك,,ل,ل,
حنق,ح,ن,ق,,,,ل,,
حنك,ح,ن,ك,ك,ك,,,,
حنن,ح,ن,ن,م,ك,,,,
حنو,ح,ن,و,ك,,,,,
حني,ح,ن,ي,,م,,,,
حوب,ح,و,ب,ل,,,,,
حوت,ح,و,ت,ل,,,,,
حوج,ح,و,ج,ل,,,,,
حود,ح,و,د,ل,,,,,
حوذ,ح,و,ذ,ك,,,,,
حور,ح,و,ر,ك,,,ل,,
حوز,ح,و,ز,ك,,,,,
حوس,ح,و,س,ك,,,ل,,
حوش,ح,و,ش,م,,,,,
حوص,ح,و,ص,ك,,,ل,,
حوض,ح,و,ض,ك,,,,,
حوط,ح,و,ط,ك,,,,,
حوف,ح,و,ف,ك,,,,,
حوق,ح,و,ق,ك,,,,,
حوك,ح,و,ك,ك,,,,,
حول,ح,و,ل,ل,,,ل,,
حوم,ح,و,م,ل,,,,,
حوو,ح,و,و,,,,ل,,
حوي,ح,و,ي,,م,,,,
حيج,ح,ي,ج,,ل,,,,
حيد,ح,ي,د,,ل,,,,
حير,ح,ي,ر,,,,ل,,
حيز,ح,ي,ز,,ك,,,,
حيس,ح,ي,س,,ك,,,,
حيش,ح,ي,ش,,ك,,,,
حيص,ح,ي,ص,,ل,,,,
حيض,ح,ي,ض,,ل,,,,
حيط,ح,ي,ط,,ل,,,,
حيف,ح,ي,ف,,ل,,ل,,
حيق,ح,ي,ق,,ك,,,,
حيك,ح,ي,ك,,ك,,,,
حيل,ح,ي,ل,,ل,,,,
حين,ح,ي,ن,,ل,,,,
حيي,ح,ي,ي,,,,ل,,
خبأ,خ,ب,أ,,,م,م,,
خبب,خ,ب,ب,ك,,,ل,,
خبت,خ,ب,ت,ل,,,,,
خبث,خ,ب,ث,ل,,,,ل,
خبج,خ,ب,ج,ك,,,,,
خبر,خ,ب,ر,ك,,,ك,ل,
خبز,خ,ب,ز,,ك,,ل,,
خبس,خ,ب,س,م,,,,,
خبش,خ,ب,ش,م,,,,,
خبص,خ,ب,ص,,ك,,,,
خبط,خ,ب,ط,,ك,,,,
خبع,خ,ب,ع,,,ك,,,
خبق,خ,ب,ق,,ك,,,,
خبل,خ,ب,ل,ك,ك,,ل,,
خبن,خ,ب,ن,,ك,,,,
خبو,خ,ب,و,ل,,,,,
ختأ,خ,ت,أ,,,م,,,
ختت,خ,ت,ت,م,ل,,ل,,
ختر,خ,ت,ر,ك,ك,,ل,,
ختع,خ,ت,ع,,,ل,,,
ختل,خ,ت,ل,م,م,,,,
ختم,خ,ت,م,,ك,,,,
ختن,خ,ت,ن,م,ك,,,,
ختو,خ,ت,و,ك,,,,,
خثر,خ,ث,ر,ل,,,ل,ل,
خثم,خ,ث,م,,,,ل,,
خثي,خ,ث,ي,,ل,,,,
خجأ,خ,ج,أ,,,ك,ل,,
خجج,خ,ج,ج,ك,,,,,
خجل,خ,ج,ل,,,,ل,,
خجي,خ,ج,ي,,ك,,ل,,
خدب,خ,د,ب,ك,ك,,ل,,
خدج,خ,د,ج,ك,ك,,,,
خدد,خ,د,د,ك,,,,,
خدر,خ,د,ر,ك,,,ل,,
خدش,خ,د,ش,,م,,,,
خدع,خ,د,ع,,,ك,,,
خدف,خ,د,ف,,ك,,,,
خدل,خ,د,ل,,,,ل,,
خدم,خ,د,م,ك,ك,,,,
خدي,خ,د,ي,,ل,,,,
خذأ,خ,ذ,أ,,,ل,ل,,
خذذ,خ,ذ,ذ,م,,,,,
خذع,خ,ذ,ع,,,م,,,
خذف,خ,ذ,ف,,ك,,,,
خذق,خ,ذ,ق,ك,ك,,,,
خذل,خ,ذ,ل,ك,,,,,
خذم,خ,ذ,م,,ك,,ل,,
خذو,خ,ذ,و,ل,,,,,
خذي,خ,ذ,ي,,,,ل,,
خرأ,خ,ر,أ,,,,ل,,
خرب,خ,ر,ب,ك,,,ل,,
خرت,خ,ر,ت,ك,,,,,
خرث,خ,ر,ث,,,,ل,,
خرج,خ,ر,ج,ل,,,ل,,
خرد,خ,ر,د,,,,ل,,
خرر,خ,ر,ر,ك,ك,,,,
خرز,خ,ر,ز,م,م,,ل,,
خرس,خ,ر,س,ك,,,ل,,
خرش,خ,ر,ش,,ك,,,,
خرص,خ,ر,ص,ك,ك,,ل,,
خرط,خ,ر,ط,ك,ك,,ل,,
خرع,خ,ر,ع,,,م,ل,ل,
خرف,خ,ر,ف,ك,,,ل,ل,
خرق,خ,ر,ق,ك,ك,,ل,ل,
خرك,خ,ر,ك,,,,ل,,
خرم,خ,ر,م,,ك,,ل,ل,
خزب,خ,ز,ب,,,,ل,,
خزج,خ,ز,ج,,,,ل,,
خزر,خ,ز,ر,ك,,,ل,,
خزز,خ,ز,ز,م,,,ل,,
خزع,خ,ز,ع,,,ك,,,
خزف,خ,ز,ف,,ك,,,,
خزق,خ,ز,ق,,ك,,,,
خزل,خ,ز,ل,,م,,ل,,
خزم,خ,ز,م,,م,,,,
خزن,خ,ز,ن,ك,,,ل,ل,
خزو,خ,ز,و,م,,,,,
خزي,خ,ز,ي,,,,ك,,
خسأ,خ,س,أ,,,ك,ل,,
خسر,خ,س,ر,,ك,,ك,,
خسس,خ,س,س,ك,ل,,ل,,
خسف,خ,س,ف,,ك,,,,
خسق,خ,س,ق,,ك,,,,
خسل,خ,س,ل,م,,,,,
خشب,خ,ش,ب,,م,,,,
خشر,خ,ش,ر,,ك,,ل,,
خشش,خ,ش,ش,ك,,,,,
خشع,خ,ش,ع,,,ك,,,
خشف,خ,ش,ف,ك,ك,,ل,,
خشل,خ,ش,ل,م,,,ل,,
خشم,خ,ش,م,,م,,ل,,
خشن,خ,ش,ن,,,,,ل,
خشو,خ,ش,و,ل,,,,,
خشي,خ,ش,ي,,,,ك,,
خصب,خ,ص,ب,,ل,,ل,,
خصر,خ,ص,ر,,,,ل,,
خصص,خ,ص,ص,ك,,,ل,,
خصف,خ,ص,ف,,ك,,ل,,
خصل,خ,ص,ل,ك,,,,,
خصم,خ,ص,م,,م,,ل,,
خصي,خ,ص,ي,,م,,,,
خضب,خ,ض,ب,,ك,,ل,,
خضد,خ,ض,د,,ك,,ل,,
خضر,خ,ض,ر,م,,,ل,,
خضع,خ,ض,ع,,,ك,ل,,
خضف,خ,ض,ف,,ك,,,,
خضل,خ,ض,ل,,,,ل,,
خضم,خ,ض,م,,ك,,ك,,
خضن,خ,ض,ن,م,,,,,
خطأ,خ,ط,أ,,,ل,ك,,
خطب,خ,ط,ب,ك,,,ل,ل,
خطر,خ,ط,ر,ك,ك,,,ل,
خطط,خ,ط,ط,ك,,,,,
خطف,خ,ط,ف,,ك,,ك,,
خطل,خ,ط,ل,,,,ل,,
خطم,خ,ط,م,,ك,,,,
خطو,خ,ط,و,ل,,,,,
خظو,خ,ظ,و,ل,,,,,
خعع,خ,ع,ع,,ل,,,,
خفأ,خ,ف,أ,,,ل,,,
خفت,خ,ف,ت,,ك,,,,
خفج,خ,ف,ج,,ل,,ل,,
خفد,خ,ف,د,ل,,,ل,,
خفر,خ,ف,ر,ك,ك,,ل,,
خفس,خ,ف,س,,ك,,,,
خفش,خ,ف,ش,ل,,,ل,,
خفض,خ,ف,ض,,ك,,,ل,
خفع,خ,ف,ع,,,ك,,,
خفف,خ,ف,ف,,ل,,,,
خفق,خ,ف,ق,ك,ك,,,,
خفو,خ,ف,و,ل,,,ل,,
خفي,خ,ف,ي,,ك,,ل,,
خقق,خ,ق,ق,,ك,,,,
خلأ,خ,ل,أ,,,ل,,,
خلب,خ,ل,ب,ك,م,,ل,,
خلج,خ,ل,ج,ك,ك,,ل,,
خلد,خ,ل,د,ل,ل,,,,
خلس,خ,ل,س,,م,,ل,,
خلص,خ,ل,ص,ل,,,ل,,
خلط,خ,ل,ط,,م,,,,
خلع,خ,ل,ع,,,ك,,ل,
خلف,خ,ل,ف,ك,,,ل,ل,
خلق,خ,ل,ق,ك,,,ل,ل,
خلل,خ,ل,ل,ك,ك,,,,
خلو,خ,ل,و,ك,,,,,
خلي,خ,ل,ي,,م,,,,
خمج,خ,م,ج,,,,ك,,
خمد,خ,م,د,ل,,,ل,,
خمر,خ,م,ر,ك,ك,,ك,,
خمس,خ,م,س,ك,ك,,,,
خمش,خ,م,ش,م,م,,,,
خمص,خ,م,ص,ك,,,ل,ل,
خمط,خ,م,ط,ك,م,,ل,,
خمع,خ,م,ع,,,ل,,,
خمل,خ,م,ل,ك,,,,,
خمم,خ,م,م,ك,ك,,,,
خمن,خ,م,ن,م,م,,,,
خنأ,خ,ن,أ,,,م,,,
خنب,خ,ن,ب,,,,ل,,
خنث,خ,ن,ث,,ك,,ل,,
خنز,خ,ن,ز,,,,ل,,
خنس,خ,ن,س,ك,ك,,ل,,
خنط,خ,ن,ط,,م,,,,
خنع,خ,ن,ع,,,ك,,,
خنف,خ,ن,ف,,ك,,ل,,
خنق,خ,ن,ق,م,,,,,
خنن,خ,ن,ن,م,ل,,ل,,
خنو,خ,ن,و,ل,,,,,
خني,خ,ن,ي,,م,,ل,,
خوب,خ,و,ب,ل,,,,,
خوت,خ,و,ت,ك,,,,,
خوث,خ,و,ث,,,,ل,,
خور,خ,و,ر,ك,,,ل,,
خوز,خ,و,ز,م,,,,,
خوس,خ,و,س,ك,,,,,
خوش,خ,و,ش,ك,,,,,
خوص,خ,و,ص,م,,,ل,,
خوض,خ,و,ض,ك,,,,,
خوف,خ,و,ف,,,,ك,,
خوق,خ,و,ق,م,,,ل,,
خول,خ,و,ل,ك,,,ل,,
خوم,خ,و,م,ل,,,,,
خون,خ,و,ن,ك,,,,,
خوي,خ,و,ي,,ل,,ل,,
خيب,خ,ي,ب,,ل,,,,
خيت,خ,ي,ت,,ك,,,,
خير,خ,ي,ر,,ك,,,,
خيز,خ,ي,ز,,ل,,,,
خيس,خ,ي,س,,ك,,,,
خيش,خ,ي,ش,,ك,,,,
خيص,خ,ي,ص,,ك,,ل,,
خيط,خ,ي,ط,,ك,,ل,,
خيف,خ,ي,ف,,,,ل,,
خيل,خ,ي,ل,,,,ل,,
خيم,خ,ي,م,,ك,,,,
دأب,د,أ,ب,,,ك,,,
دأث,د,أ,ث,,,ك,,,
دأص,د,أ,ص,,,,ل,,
دأض,د,أ,ض,,,,ل,,
دأظ,د,أ,ظ,,,ك,,,
دأك,د,أ,ك,,,م,,,
دأل,د,أ,ل,,,ك,,,
دأم,د,أ,م,,,م,,,
دأو,د,أ,و,ل,,,,,
دأي,د,أ,ي,,,ل,,,
دبأ,د,ب,أ,,,ك,,,
دبب,د,ب,ب,,ل,,ل,,
دبج,د,ب,ج,م,,,,,
دبر,د,ب,ر,ك,,,ل,,
دبش,د,ب,ش,,م,,,,
دبغ,د,ب,غ,م,م,م,,,
دبق,د,ب,ق,,ك,,ل,,
دبل,د,ب,ل,م,م,,ل,,
دبي,د,ب,ي,,ل,,,,
دثث,د,ث,ث,ك,ك,,,,
دثر,د,ث,ر,ل,,,,,
دثط,د,ث,ط,ك,,,,,
دثع,د,ث,ع,,,ك,,,
دجج,د,ج,ج,,ك,,,,
دجر,د,ج,ر,,,,ل,,
دجل,د,ج,ل,ك,,,,,
دجم,د,ج,م,ك,,,ل,,
دجن,د,ج,ن,ل,,,,,
دجو,د,ج,و,ك,,,,,
دحب,د,ح,ب,,,م,,,
دحج,د,ح,ج,,,م,,,
دحح,د,ح,ح,ك,,,,,
دحر,د,ح,ر,,,م,,,
دحز,د,ح,ز,,,م,,,
دحس,د,ح,س,,,ك,,,
دحص,د,ح,ص,,,ك,,,
دحض,د,ح,ض,,,ك,,,
دحق,د,ح,ق,,,ك,,,
دحل,د,ح,ل,,,ك,ل,,
دحم,د,ح,م,,,م,,,
دحن,د,ح,ن,,,,ل,,
دحو,د,ح,و,ك,,ك,,,
دحي,د,ح,ي,,,ك,,,
دخخ,د,خ,خ,م,,,ل,,
دخر,د,خ,ر,,,ل,ل,,
دخس,د,خ,س,ك,,ك,ل,,
دخش,د,خ,ش,,,,ل,,
دخص,د,خ,ص,,,ل,,,
دخض,د,خ,ض,,,ل,,,
دخل,د,خ,ل,ك,,,ل,,
دخم,د,خ,م,,,م,,,
دخن,د,خ,ن,ل   ,ل,ل,ل,ل,
درأ,د,ر,أ,,,ك,,,
درب,د,ر,ب,,,,ل,,
درج,د,ر,ج,ك,,,ل,,
درح,د,ر,ح,,,م,ل,,
درد,د,ر,د,,,,ل,,
درر,د,ر,ر,ل,ل,,ل,,
درز,د,ر,ز,م,,,ل,,
درس,د,ر,س,ك,م,,,ل,
درص,د,ر,ص,,,,ل,,
درع,د,ر,ع,,,م,ل,,
درم,د,ر,م,,ل,,ل,,
درن,د,ر,ن,,,,ل,,
دره,د,ر,ه,,,ل,,,
دري,د,ر,ي,,ك,,,,
دزر,د,ز,ر,م,,,,,
دسر,د,س,ر,م,,,,,
دسس,د,س,س,م,,,,,
دسع,د,س,ع,,,ك,,,
دسق,د,س,ق,,,,ل,,
دسم,د,س,م,ك,م,,ل,,
دسو,د,س,و,ل,,,,,
دشش,د,ش,ش,ك,,,,,
دشن,د,ش,ن,ل,,,,,
دشو,د,ش,و,ل,,,,,
دصق,د,ص,ق,م,,,,,
دظظ,د,ظ,ظ,م,,,,,
دعب,د,ع,ب,,,ك,ل,,
دعت,د,ع,ت,,,م,,,
دعث,د,ع,ث,,,م,ل,,
دعج,د,ع,ج,,,,ل,,
دعر,د,ع,ر,,,ل,ل,,
دعز,د,ع,ز,,,م,,,
دعس,د,ع,س,,,م,,,
دعص,د,ع,ص,,,ك,,,
دعظ,د,ع,ظ,,,م,,,
دعع,د,ع,ع,م,,,,,
دعق,د,ع,ق,,,م,,,
دعك,د,ع,ك,,,م,ل,,
دعل,د,ع,ل,م,,,,,
دعم,د,ع,م,,,ك,,,
دعن,د,ع,ن,,,ل,,,
دعو,د,ع,و,ك,,,,,
دغت,د,غ,ت,,,م,,,
دغر,د,غ,ر,,,ك,ل,,
دغش,د,غ,ش,,,ل,,,
دغص,د,غ,ص,,,,ل,,
دغف,د,غ,ف,,,م,,,
دغل,د,غ,ل,,,ل,,,
دغم,د,غ,م,,,ك,ك,,
دغن,د,غ,ن,,,ل,,,
دفأ,د,ف,أ,,,,ل,ل,
دفر,د,ف,ر,م,,,ل,,
دفع,د,ف,ع,,,ك,,,
دفف,د,ف,ف,ك,ك,,,,
دفق,د,ف,ق,ك,ك,,ل,,
دفن,د,ف,ن,,ك,,,,
دفو,د,ف,و,م,,,ل,,
دقر,د,ق,ر,,,,ل,,
دقس,د,ق,س,ك,,,,,
دقع,د,ق,ع,,,,ل,,
دقق,د,ق,ق,م,ل,,,,
دقل,د,ق,ل,ك,,,,,
دقم,د,ق,م,ك,ك,,ل,,
دقن,د,ق,ن,ل,,,,,
دقي,د,ق,ي,,,,ل,,
دكأ,د,ك,أ,,,م,,,
دكس,د,ك,س,م,,,ل,,
دكع,د,ك,ع,,,ل,,,
دكك,د,ك,ك,م,,,ل,,
دكل,د,ك,ل,م,م,,,,
دكم,د,ك,م,م,,,,,
دكن,د,ك,ن,م,,,ل,,
دلث,د,ل,ث,,ل,,,,
دلج,د,ل,ج,ل,ل,,,,
دلح,د,ل,ح,,,ك,,,
دلخ,د,ل,خ,,,,ل,,
دلص,د,ل,ص,ك,,,ل,,
دلظ,د,ل,ظ,,ك,,,,
دلع,د,ل,ع,ل,,ك,,,
دلغ,د,ل,غ,,,ك,,,
دلف,د,ل,ف,,ك,,,,
دلق,د,ل,ق,ك,,,,,
دلك,د,ل,ك,ك,,,,,
دلل,د,ل,ل,ك,ل,,ل,,
دلم,د,ل,م,,,,ل,,
دله,د,ل,ه,,,ل,ل,,
دلو,د,ل,و,ك,,,,,
دلي,د,ل,ي,,,,ل,,
دمث,د,م,ث,,,,ل,ل,
دمج,د,م,ج,ك,,,,,
دمخ,د,م,خ,,,ك,,,
دمر,د,م,ر,ك,,,,,
دمس,د,م,س,ك,ك,,ل,,
دمش,د,م,ش,,,,ل,,
دمص,د,م,ص,ك,,,ل,,
دمع,د,م,ع,,,ك,ل,,
دمغ,د,م,غ,م,,م,,,
دمق,د,م,ق,ك,ك,,,,
دمك,د,م,ك,ك,,,,,
دمل,د,م,ل,ك,,,ل,,
دمم,د,م,م,ك,ك,,ل,ل,
دمن,د,م,ن,م,,,ل,,
دمه,د,م,ه,,,,ل,,
دمي,د,م,ي,,,,ل,,
دنأ,د,ن,أ,,,ل,ل,ل,
دنح,د,ن,ح,,,ل,,,
دنخ,د,ن,خ,,,ل,,,
دنس,د,ن,س,,,,ل,,
دنع,د,ن,ع,,,ل,ل,,
دنف,د,ن,ف,,,,ل,,
دنق,د,ن,ق,ل,ل,,,,
دنن,د,ن,ن,,ل,,ك,,
دنو,د,ن,و,ل,,,ل,ل,
دهث,د,ه,ث,,,م,,,
دهر,د,ه,ر,,,ك,,,
دهس,د,ه,س,,,,ل,ل,
دهش,د,ه,ش,,,م,ل,,
دهف,د,ه,ف,,,م,,,
دهق,د,ه,ق,,,م,,,
دهك,د,ه,ك,,,م,,,
دهم,د,ه,م,,,م,ك,,
دهن,د,ه,ن,ك,,,ل,ل,
دهو,د,ه,و,ك,,,,ل,
دهي,د,ه,ي,,ك,م,ل,,
دوأ,د,و,أ,,,,ل,,
دوج,د,و,ج,ل,,,,,
دوح,د,و,ح,ل,,,,,
دوخ,د,و,خ,ك,,,,,
دود,د,و,د,,,,ل,,
دور,د,و,ر,ك,,,,,
دوس,د,و,س,م,,,,,
دوش,د,و,ش,ل,,,ل,,
دوع,د,و,ع,ل,,,,,
دوغ,د,و,غ,ك,,,,,
دوف,د,و,ف,م,,,,,
دوق,د,و,ق,ك,,,,,
دوك,د,و,ك,ك,,,,,
دول,د,و,ل,ل,,,,,
دوم,د,و,م,ل,,,,,
دون,د,و,ن,ل,,,,,
دوي,د,و,ي,,,,ل,,
ديث,د,ي,ث,,ل,,,,
ديج,د,ي,ج,,ل,,,,
ديخ,د,ي,خ,,ك,,,,
ديص,د,ي,ص,,ل,,,,
ديق,د,ي,ق,,م,,,,
دين,د,ي,ن,,ك,,,,
ذأب,ذ,أ,ب,,,ك,ل,ل,
ذأت,ذ,أ,ت,,,م,,,
ذأج,ذ,أ,ج,,,ك,ك,,
ذأح,ذ,أ,ح,,,م,,,
ذأر,ذ,أ,ر,,,م,ك,,
ذأط,ذ,أ,ط,,,ك,,,
ذأف,ذ,أ,ف,,,ك,,,
ذأل,ذ,أ,ل,,,ك,,,
ذأم,ذ,أ,م,,,م,,,
ذأو,ذ,أ,و,ك,,,,,
ذأي,ذ,أ,ي,,,ك,,,
ذبب,ذ,ب,ب,ك,ل,,,,
ذبح,ذ,ب,ح,,,ك,,,
ذبر,ذ,ب,ر,ك,ك,,ل,,
ذبل,ذ,ب,ل,ك,,,,ل,
ذجج,ذ,ج,ج,ل,,,,,
ذجل,ذ,ج,ل,م,,,,,
ذحج,ذ,ح,ج,,,ك,,,
ذحح,ذ,ح,ح,م,,,,,
ذحق,ذ,ح,ق,,,ل,,,
ذحو,ذ,ح,و,ك,,ك,,,
ذحي,ذ,ح,ي,,م,,,,
ذخر,ذ,خ,ر,,,م,,,
ذرأ,ذ,ر,أ,,,ك,ل,,
ذرب,ذ,ر,ب,ك,,,ل,,
ذرح,ذ,ر,ح,,,م,,,
ذرر,ذ,ر,ر,ك,,,ل,,
ذرز,ذ,ر,ز,,,,ل,,
ذرع,ذ,ر,ع,,,ك,ل,ل,
ذرف,ذ,ر,ف,,ك,,ل,,
ذرق,ذ,ر,ق,ك,ك,,ل,,
ذرم,ذ,ر,م,ل,,,,,
ذرو,ذ,ر,و,ك,,,,,
ذري,ذ,ر,ي,,ك,,,,
ذعت,ذ,ع,ت,,,م,,,
ذعج,ذ,ع,ج,,,م,,,
ذعر,ذ,ع,ر,,,م,ل,,
ذعط,ذ,ع,ط,,,م,,,
ذعف,ذ,ع,ف,,,ك,ل,,
ذعق,ذ,ع,ق,,,م,,,
ذعن,ذ,ع,ن,,,,ل,,
ذغغ,ذ,غ,غ,م,,,,,
ذفر,ذ,ف,ر,,,,ل,,
ذفط,ذ,ف,ط,,ل,,,,
ذفف,ذ,ف,ف,ل,ل,,,,
ذقط,ذ,ق,ط,,ك,,,,
ذقن,ذ,ق,ن,ك,,,ل,,
ذكر,ذ,ك,ر,م,,,ل,,
ذكو,ذ,ك,و,ك,,,ل,ل,
ذلج,ذ,ل,ج,م,,,,,
ذلغ,ذ,ل,غ,,,ك,ل,,
ذلف,ذ,ل,ف,,,,ل,,
ذلق,ذ,ل,ق,ك,,,ل,ل,
ذلل,ذ,ل,ل,,ل,,,,
ذلي,ذ,ل,ي,,,م,,,
ذمأ,ذ,م,أ,,,ل,,,
ذمت,ذ,م,ت,,ل,,,,
ذمر,ذ,م,ر,ك,,,,,
ذمط,ذ,م,ط,,م,,,,
ذمل,ذ,م,ل,ل,ل,,,,
ذمم,ذ,م,م,ك,ل,,,,
ذمه,ذ,م,ه,,,,ل,,
ذمي,ذ,م,ي,,ك,,ل,,
ذنب,ذ,ن,ب,م,م,,,,
ذنن,ذ,ن,ن,,ل,,ل,,
ذهب,ذ,ه,ب,,,ك,ل,,
ذهر,ذ,ه,ر,,,,ل,,
ذهل,ذ,ه,ل,,,ك,ك,,
ذهن,ذ,ه,ن,,,ك,ك,ل,
ذهو,ذ,ه,و,ل,,,,,
ذوب,ذ,و,ب,ل,,,,,
ذوج,ذ,و,ج,ك,,,,,
ذوح,ذ,و,ح,ك,,,,,
ذود,ذ,و,د,ك,,,,,
ذور,ذ,و,ر,م,,,,,
ذوط,ذ,و,ط,ك,,,ل,,
ذوع,ذ,و,ع,م,,,,,
ذوف,ذ,و,ف,ل,,,,,
ذوق,ذ,و,ق,ك,,,,,
ذوي,ذ,و,ي,,ل,,ل,,
ذيج,ذ,ي,ج,,ك,,,,
ذيط,ذ,ي,ط,,ل,,,,
ذيع,ذ,ي,ع,,ل,,,,
ذيل,ذ,ي,ل,,ل,,,,
ذيم,ذ,ي,م,,م,,,,
ذين,ذ,ي,ن,,م,,,,
رأب,ر,أ,ب,,,ك,,,
رأد,ر,أ,د,,,ل,,ل,
رأس,ر,أ,س,,,ك,,,
رأف,ر,أ,ف,,,ل,ل,ل,
رأم,ر,أ,م,,,م,ك,,
رأي,ر,أ,ي,,,م,,,
ربأ,ر,ب,أ,,,ك,,,
ربب,ر,ب,ب,ك,,,,,
ربت,ر,ب,ت,,م,,ل,,
ربث,ر,ب,ث,م,,,,,
ربج,ر,ب,ج,,,,,ل,
ربح,ر,ب,ح,,,,ل,,
ربخ,ر,ب,خ,,,ل,ل,,
ربد,ر,ب,د,ك,,,ل,,
ربذ,ر,ب,ذ,,,,ل,,
ربز,ر,ب,ز,,,,,ل,
ربس,ر,ب,س,م,,,,,
ربش,ر,ب,ش,,,,ل,,
ربص,ر,ب,ص,ك,,,,,
ربض,ر,ب,ض,م,ك,,,,
ربط,ر,ب,ط,ك,ك,,,,
ربع,ر,ب,ع,م,م,ك,,,
ربغ,ر,ب,غ,,,ل,ل,ل,
ربق,ر,ب,ق,م,م,,,,
ربك,ر,ب,ك,م,,,ل,,
ربل,ر,ب,ل,ل,ل,,,,
ربو,ر,ب,و,ك,,,ل,,
رتأ,ر,ت,أ,,,ك,,,
رتب,ر,ت,ب,ك,,,,,
رتت,ر,ت,ت,,,,ل,,
رتج,ر,ت,ج,ك,,,ل,,
رتخ,ر,ت,خ,,,ل,,,
رتع,ر,ت,ع,,,ل,,,
رتق,ر,ت,ق,م,م,,ل,,
رتك,ر,ت,ك,ل,ل,,,,
رتل,ر,ت,ل,,,,ل,,
رتم,ر,ت,م,,ك,,,,
رتن,ر,ت,ن,م,,,,,
رتو,ر,ت,و,ك,,,,,
رثأ,ر,ث,أ,,,ك,,,
رثث,ر,ث,ث,ل,ل,,,,
رثد,ر,ث,د,ك,,,ل,,
رثط,ر,ث,ط,ل,,,,,
رثع,ر,ث,ع,,,,ل,,
رثم,ر,ث,م,,م,,ل,,
رثو,ر,ث,و,م,,,,,
رثي,ر,ث,ي,,ك,,ك,,
رجب,ر,ج,ب,ك,,,ك,,
رجج,ر,ج,ج,ك,,,ل,,
رجح,ر,ج,ح,ك,ك,ك,,,
رجد,ر,ج,د,ك,,,,,
رجز,ر,ج,ز,ل,,,ل,,
رجس,ر,ج,س,ك,م,,ل,ل,
رجع,ر,ج,ع,,ك,,,,
رجف,ر,ج,ف,ك,,,,,
رجل,ر,ج,ل,ك,,,ل,,
رجم,ر,ج,م,ك,,,,,
رجن,ر,ج,ن,ك,,,ل,,
رجو,ر,ج,و,ك,,,ل,,
رحب,ر,ح,ب,,,,ل,ل,
رحح,ر,ح,ح,,,,ل,,
رحض,ر,ح,ض,م,,م,,,
رحل,ر,ح,ل,,,ك,,,
رحم,ر,ح,م,,,,ك,ل,
رحو,ر,ح,و,ك,,,,,
رحي,ر,ح,ي,,ك,,,,
رخخ,ر,خ,خ,ك,ل,,,,
رخص,ر,خ,ص,,,,,ل,
رخف,ر,خ,ف,ل,,,ل,ل,
رخم,ر,خ,م,ك,,م,ك,ل,
رخو,ر,خ,و,ل,,ل,ل,ل,
ردأ,ر,د,أ,,,م,,ل,
ردج,ر,د,ج,,ل,,,,
ردح,ر,د,ح,,,ك,,ل,
ردخ,ر,د,خ,,,م,,,
ردد,ر,د,د,ك,,,,,
ردس,ر,د,س,ك,ك,,,,
ردع,ر,د,ع,,,ك,,,
ردغ,ر,د,غ,,,,ل,,
ردف,ر,د,ف,م,,,ك,,
ردم,ر,د,م,ك,ك,,,,
ردن,ر,د,ن,ك,,,ل,,
رده,ر,د,ه,,,ك,,,
ردي,ر,د,ي,,ك,,ل,,
رذذ,ر,ذ,ذ,ل,,,,,
رذل,ر,ذ,ل,م,,,ل,ل,
رذم,ر,ذ,م,ل,ل,,ل,,
رذو,ر,ذ,و,,,,ل,,
رزأ,ر,ز,أ,,,م,ك,,
رزب,ر,ز,ب,ك,,,,,
رزح,ر,ز,ح,,,ك,,,
رزخ,ر,ز,خ,,,م,,,
رزز,ر,ز,ز,ك,ك,,,,
رزع,ر,ز,ع,,,,ل,,
رزف,ر,ز,ف,,ل,,,,
رزق,ر,ز,ق,م,,,,,
رزم,ر,ز,م,ك,ك,,,,
رزن,ر,ز,ن,ك,,,,ل,
رزي,ر,ز,ي,,م,,,,
رسب,ر,س,ب,ل,,,,ل,
رسح,ر,س,ح,,,,ل,,
رسخ,ر,س,خ,,,ل,,,
رسس,ر,س,س,ك,,,,,
رسع,ر,س,ع,,,ك,ل,,
رسغ,ر,س,غ,,,ك,,,
رسف,ر,س,ف,ل,ل,,,,
رسل,ر,س,ل,,,,ل,,
رسم,ر,س,م,ك,ك,,,,
رسن,ر,س,ن,م,م,,,,
رسو,ر,س,و,ك,,,,,
رشأ,ر,ش,أ,,,ك,,,
رشح,ر,ش,ح,,,ك,,,
رشد,ر,ش,د,ك,,,ك,,
رشش,ر,ش,ش,ك,,,,,
رشف,ر,ش,ف,م,م,,م,,
رشق,ر,ش,ق,ك,,,,ل,
رشم,ر,ش,م,ك,,,ل,,
رشن,ر,ش,ن,ل,,,,,
رشو,ر,ش,و,ك,,,,,
رصد,ر,ص,د,ك,,,,,
رصص,ر,ص,ص,م,,,ل,,
رصع,ر,ص,ع,,,ك,ك,,
رصف,ر,ص,ف,ك,,,ل,ل,
رصن,ر,ص,ن,م,,,,ل,
رصو,ر,ص,و,م,,,,,
رضب,ر,ض,ب,ك,,,,,
رضح,ر,ض,ح,,,م,,,
رضخ,ر,ض,خ,,ك,ك,,,
رضد,ر,ض,د,م,,,,,
رضض,ر,ض,ض,م,,,,,
رضع,ر,ض,ع,,ك,ك,ك,ل,
رضف,ر,ض,ف,,ك,,,,
رضم,ر,ض,م,,ك,,,,
رضن,ر,ض,ن,,م,,,,
رضو,ر,ض,و,م,,,ك,,
رطأ,ر,ط,أ,,,ك,ل,,
رطب,ر,ط,ب,ك,,,ل,ل,
رطس,ر,ط,س,م,م,,,,
رطل,ر,ط,ل,ك,,,,,
رطم,ر,ط,م,ك,,,,,
رطن,ر,ط,ن,ل,,,,,
رطو,ر,ط,و,م,,,,,
رطي,ر,ط,ي,,,,م,,
رعب,ر,ع,ب,,,ك,,,
رعث,ر,ع,ث,,,ك,ل,,
رعج,ر,ع,ج,,,ك,ل,,
رعد,ر,ع,د,ل,,ل,,,
رعز,ر,ع,ز,,,م,,,
رعس,ر,ع,س,,,ل,,,
رعش,ر,ع,ش,,,ل,ل,,
رعص,ر,ع,ص,,,ك,,,
رعض,ر,ع,ض,,,ك,,,
رعظ,ر,ع,ظ,,,م,ل,,
رعع,ر,ع,ع,ل,,,,,
رعف,ر,ع,ف,ك,,ك,ل,ل,
رعق,ر,ع,ق,,,ل,,,
رعل,ر,ع,ل,,,م,ل,,
رعم,ر,ع,م,,,ك,,ل,
رعن,ر,ع,ن,ك,,,ل,ل,
رعو,ر,ع,و,ك,,,,,
رعي,ر,ع,ي,,,ك,,,
رغب,ر,غ,ب,,,,ك,ل,
رغث,ر,غ,ث,,,ك,,,
رغد,ر,غ,د,,,,ل,ل,
رغس,ر,غ,س,,,ك,,,
رغش,ر,غ,ش,,,ل,,,
رغف,ر,غ,ف,,,م,,,
رغل,ر,غ,ل,,,م,ل,,
رغم,ر,غ,م,ل,,ك,ك,ل,
رغن,ر,غ,ن,,,ل,,,
رغو,ر,غ,و,ل,,,,,
رفأ,ر,ف,أ,,,ك,,,
رفت,ر,ف,ت,ك,ك,,,,
رفث,ر,ف,ث,ل,,,ل,ل,
رفد,ر,ف,د,,ك,,,,
رفز,ر,ف,ز,,ك,,,,
رفس,ر,ف,س,ك,ك,,,,
رفش,ر,ف,ش,ك,,,ل,,
رفض,ر,ف,ض,ك,ك,,,,
رفع,ر,ف,ع,,,ك,,ل,
رفغ,ر,ف,غ,,,,ل,ل,
رفف,ر,ف,ف,ك,ل,,ل,,
رفق,ر,ف,ق,ك,,,ل,ل,
رفل,ر,ف,ل,ك,,,ل,,
رفه,ر,ف,ه,,,ك,,ل,
رفو,ر,ف,و,ك,,,,,
رقأ,ر,ق,أ,,,ك,,,
رقب,ر,ق,ب,ك,,,ل,,
رقح,ر,ق,ح,,,ك,,,
رقد,ر,ق,د,ل,,,,,
رقز,ر,ق,ز,,ل,,,,
رقش,ر,ق,ش,م,,,ل,,
رقص,ر,ق,ص,ل,,,,,
رقط,ر,ق,ط,م,,,ل,,
رقع,ر,ق,ع,,,ك,,ل,
رقق,ر,ق,ق,م,ل,,,,
رقم,ر,ق,م,ك,,,ل,,
رقن,ر,ق,ن,ك,,,,,
رقو,ر,ق,و,ل,,,,,
رقي,ر,ق,ي,,ك,,ك,,
ركب,ر,ك,ب,م,,,ك,,
ركح,ر,ك,ح,,,ل,,,
ركد,ر,ك,د,ل,,,,,
ركز,ر,ك,ز,ك,ك,,,,
ركس,ر,ك,س,م,,,,,
ركض,ر,ك,ض,ك,,,,,
ركع,ر,ك,ع,,,ل,,,
ركك,ر,ك,ك,م,ل,,,,
ركل,ر,ك,ل,ك,,,,,
ركم,ر,ك,م,م,,,,,
ركن,ر,ك,ن,ل,,ل,ل,ل,
ركو,ر,ك,و,ك,,,,,
رمأ,ر,م,أ,,,ك,,,
رمث,ر,م,ث,,ك,,ل,,
رمج,ر,م,ج,ل,,,,,
رمح,ر,م,ح,,,ك,,,
رمد,ر,م,د,ك,ك,,ل,,
رمز,ر,م,ز,ك,ك,,,ل,
رمس,ر,م,س,ك,ك,,,,
رمش,ر,م,ش,ك,ك,,ل,,
رمص,ر,م,ص,ك,,,ل,,
رمض,ر,م,ض,م,ك,,ل,,
رمط,ر,م,ط,,م,,,,
رمع,ر,م,ع,,,ك,ل,,
رمغ,ر,م,غ,,,م,,,
رمق,ر,م,ق,ك,,,,,
رمك,ر,م,ك,ل,,,,,
رمل,ر,م,ل,ك,,,,,
رمم,ر,م,م,ك,ك,,,,
رمه,ر,م,ه,,,,ل,,
رمي,ر,م,ي,,ك,,,,
رنأ,ر,ن,أ,,,ك,,,
رنخ,ر,ن,خ,ل,,,,,
رنع,ر,ن,ع,,,ل,,,
رنق,ر,ن,ق,ل,,,ل,,
رنم,ر,ن,م,,,,ل,,
رنن,ر,ن,ن,,ل,,,,
رنو,ر,ن,و,ك,,,,,
رهب,ر,ه,ب,,,,ك,,
رهد,ر,ه,د,,,م,,ل,
رهز,ر,ه,ز,,,ك,,,
رهس,ر,ه,س,,,م,,,
رهش,ر,ه,ش,,,,ل,,
رهص,ر,ه,ص,,,ك,ل,,
رهط,ر,ه,ط,,,ك,,,
رهف,ر,ه,ف,,,م,,ل,
رهق,ر,ه,ق,,,,ك,,
رهك,ر,ه,ك,,,ك,,,
رهل,ر,ه,ل,,,,ل,,
رهن,ر,ه,ن,,,ك,,,
رهو,ر,ه,و,ل,,,,,
روب,ر,و,ب,ل,,,,,
روث,ر,و,ث,ك,,,,,
روج,ر,و,ج,ل,,,,,
روح,ر,و,ح,ك,,,ك,,
رود,ر,و,د,ك,,,,,
روز,ر,و,ز,م,,,,,
روس,ر,و,س,ك,,,,,
روش,ر,و,ش,ك,,,ل,,
روص,ر,و,ص,ل,,,,,
روض,ر,و,ض,م,,,,,
روط,ر,و,ط,ل,,,,,
روع,ر,و,ع,ك,,,ل,,
روغ,ر,و,غ,ك,,,,,
روف,ر,و,ف,ل,,,,,
روق,ر,و,ق,ك,,,ل,,
روم,ر,و,م,م,,,,,
رون,ر,و,ن,ل,,,,,
روه,ر,و,ه,ل,,,,,
روي,ر,و,ي,,ك,,ل,,
ريب,ر,ي,ب,,ك,,,,
ريث,ر,ي,ث,,ل,,,,
ريخ,ر,ي,خ,,ل,,,,
رير,ر,ي,ر,,,,ل,,
ريس,ر,ي,س,,ك,,,,
ريش,ر,ي,ش,,ك,,,,
ريط,ر,ي,ط,,ل,,,,
ريع,ر,ي,ع,,ل,,,,
ريف,ر,ي,ف,,ل,,,,
ريق,ر,ي,ق,,ل,,,,
ريل,ر,ي,ل,,ل,,,,
ريم,ر,ي,م,,ك,,,,
رين,ر,ي,ن,,ك,,,,
ريه,ر,ي,ه,,ل,,,,
زأب,ز,أ,ب,,,ك,,,
زأت,ز,أ,ت,,,م,,,
زأج,ز,أ,ج,,,ل,,,
زأد,ز,أ,د,,,م,,,
زأر,ز,أ,ر,,ل,ل,ل,,
زأط,ز,أ,ط,,,ل,,,
زأف,ز,أ,ف,,,م,,,
زأك,ز,أ,ك,,,م,,,
زأم,ز,أ,م,,,ك,ك,,
زأي,ز,أ,ي,,,ل,,,
زبب,ز,ب,ب,ك,,,ل,,
زبد,ز,ب,د,م,ك,,,,
زبر,ز,ب,ر,م,ك,,,ل,
زبط,ز,ب,ط,,ل,,,,
زبق,ز,ب,ق,ك,ك,,,,
زبل,ز,ب,ل,,م,,,,
زبن,ز,ب,ن,,ك,,,,
زبي,ز,ب,ي,,م,,,,
زتت,ز,ت,ت,م,,,,,
زجج,ز,ج,ج,ك,,,ل,,
زجر,ز,ج,ر,ك,,,,,
زجل,ز,ج,ل,ك,,,ل,,
زجم,ز,ج,م,ل,,,,,
زجو,ز,ج,و,ك,,,,,
زحب,ز,ح,ب,,,ل,,,
زحح,ز,ح,ح,م,,,,,
زحر,ز,ح,ر,,ك,ك,,,
زحف,ز,ح,ف,,,ك,,,
زحك,ز,ح,ك,,,ل,,,
زحل,ز,ح,ل,,,ل,,,
زحم,ز,ح,م,,,م,,,
زحن,ز,ح,ن,,,ك,,,
زخخ,ز,خ,خ,ك,ل,,,,
زخر,ز,خ,ر,,,ك,,,
زخف,ز,خ,ف,,,ل,,,
زخم,ز,خ,م,,,م,ل,,
زدع,ز,د,ع,,,م,,,
زدو,ز,د,و,ك,,,,,
زرب,ز,ر,ب,ك,,,ل,,
زرج,ز,ر,ج,م,,,,,
زرح,ز,ر,ح,,,م,ل,,
زرد,ز,ر,د,م,م,,م,,
زرر,ز,ر,ر,ك,ل,,ل,,
زرط,ز,ر,ط,,م,,,,
زرع,ز,ر,ع,,,م,,,
زرف,ز,ر,ف,ل,ك,,ل,,
زرق,ز,ر,ق,ك,ك,,ل,,
زرك,ز,ر,ك,,,,ل,,
زرم,ز,ر,م,,ك,,ل,,
زري,ز,ر,ي,,ك,,,,
زعب,ز,ع,ب,,,ك,,,
زعج,ز,ع,ج,,,م,ل,,
زعر,ز,ع,ر,,,م,ل,,
زعط,ز,ع,ط,,,ك,,,
زعف,ز,ع,ف,,,ك,,,
زعق,ز,ع,ق,,,ك,ل,ل,
زعل,ز,ع,ل,,,,ل,,
زعم,ز,ع,م,ك,,ك,ل,ل,
زعو,ز,ع,و,ل,,,,,
زغب,ز,غ,ب,,,,ل,,
زغد,ز,غ,د,,,ك,,,
زغر,ز,غ,ر,,,ك,,,
زغف,ز,غ,ف,,,ك,,,
زغل,ز,غ,ل,,,ك,,,
زفت,ز,ف,ت,م,,,,,
زفد,ز,ف,د,م,,,,,
زفر,ز,ف,ر,,ك,,,,
زفف,ز,ف,ف,م,ل,,ل,,
زفن,ز,ف,ن,,ك,,,,
زفي,ز,ف,ي,,ك,,,,
زقب,ز,ق,ب,ك,,,,,
زقح,ز,ق,ح,,,ل,,,
زقع,ز,ق,ع,,,ل,,,
زقف,ز,ق,ف,م,,,,,
زقق,ز,ق,ق,ك,,,,,
زقم,ز,ق,م,ك,,,,,
زقن,ز,ق,ن,م,,,,,
زقو,ز,ق,و,ل,,,,,
زقي,ز,ق,ي,,ل,,,,
زكأ,ز,ك,أ,,,ك,,,
زكب,ز,ك,ب,ك,,,,,
زكت,ز,ك,ت,م,,,,,
زكر,ز,ك,ر,م,,,,,
زكك,ز,ك,ك,ك,ك,,,,
زكم,ز,ك,م,ك,,,,,
زكن,ز,ك,ن,,,,ك,,
زكو,ز,ك,و,ل,,,ل,,
زلب,ز,ل,ب,,,,ل,,
زلج,ز,ل,ج,,ك,,ل,,
زلح,ز,ل,ح,,,م,,,
زلخ,ز,ل,خ,,ك,,ل,,
زلز,ز,ل,ز,,,,ل,,
زلع,ز,ل,ع,,,ك,ل,,
زلغ,ز,ل,غ,ك,,,,,
زلف,ز,ل,ف,ك,,,,,
زلق,ز,ل,ق,ك,م,,ل,,
زلل,ز,ل,ل,,ك,,ل,,
زلم,ز,ل,م,ك,,,ل,,
زله,ز,ل,ه,,,,ل,,
زمت,ز,م,ت,م,,,,ل,
زمج,ز,م,ج,ك,,,ل,,
زمخ,ز,م,خ,,,ل,,,
زمر,ز,م,ر,ك,ك,,ل,,
زمع,ز,م,ع,,,ل,ل,,
زمق,ز,م,ق,م,م,,,,
زمك,ز,م,ك,م,,,ل,,
زمل,ز,م,ل,ك,ل,,,,
زمم,ز,م,م,ك,ك,,,,
زمن,ز,م,ن,,,,ل,,
زمه,ز,م,ه,,,,ك,,
زنأ,ز,ن,أ,,,ك,,,
زنب,ز,ن,ب,,,,ل,,
زنج,ز,ن,ج,,,,ل,,
زنح,ز,ن,ح,,,م,,,
زنخ,ز,ن,خ,ل,ل,,ل,,
زند,ز,ن,د,ك,,,ل,,
زنر,ز,ن,ر,م,,,,,
زنف,ز,ن,ف,,,,ل,,
زنق,ز,ن,ق,م,ك,,,,
زنم,ز,ن,م,م,,,ل,,
زنن,ز,ن,ن,م,ل,,,,
زني,ز,ن,ي,,ل,,,,
زهد,ز,ه,د,,,ك,ل,ل,
زهر,ز,ه,ر,,,ك,ل,ل,
زهف,ز,ه,ف,,,ل,ك,,
زهق,ز,ه,ق,,,ل,,,
زهك,ز,ه,ك,,,م,,,
زهل,ز,ه,ل,,,ل,ل,,
زهم,ز,ه,م,ك,,,ك,,
زهو,ز,ه,و,ك,,ك,,,
زوأ,ز,و,أ,ل,,,,,
زوب,ز,و,ب,ل,,,,,
زوج,ز,و,ج,ل,,,,,
زوح,ز,و,ح,ك,,,,,
زود,ز,و,د,ل,,,,,
زور,ز,و,ر,م,,,ل,,
زوع,ز,و,ع,ك,,,,,
زوغ,ز,و,غ,ك,,,,,
زوف,ز,و,ف,ل,,,,,
زوك,ز,و,ك,ل,,,,,
زول,ز,و,ل,ك,,,,,
زوم,ز,و,م,ل,,,,,
زوي,ز,و,ي,,م,,,,
زيت,ز,ي,ت,,م,,,,
زيح,ز,ي,ح,,ك,,,,
زيخ,ز,ي,خ,,ل,,,,
زيد,ز,ي,د,,ك,,,,
زير,ز,ي,ر,,م,,,,
زيط,ز,ي,ط,,ل,,,,
زيغ,ز,ي,غ,,ل,,,,
زيف,ز,ي,ف,,ك,,,,
زيك,ز,ي,ك,,ل,,,,
زيل,ز,ي,ل,,م,,ل,,
زيم,ز,ي,م,,ل,,ل,,
زين,ز,ي,ن,,م,,,,
سأب,س,أ,ب,,,ك,ل,,
سأت,س,أ,ت,,,م,,,
سأد,س,أ,د,,,م,ل,,
سأر,س,أ,ر,,,ل,ل,,
سأس,س,أ,س,,,,ل,,
سأف,س,أ,ف,,,ل,ل,ل,
سأل,س,أ,ل,,,ك,,,
سأم,س,أ,م,,,,ك,,
سأو,س,أ,و,ك,,,,,
سأي,س,أ,ي,,,ك,,,
سبأ,س,ب,أ,,,ك,,,
سبب,س,ب,ب,م,,,,,
سبت,س,ب,ت,ك,ك,,,,
سبح,س,ب,ح,,,ل,,,
سبخ,س,ب,خ,,,ك,ل,,
سبد,س,ب,د,ك,,,,,
سبر,س,ب,ر,م,م,,,,
سبط,س,ب,ط,,,,ل,ل,
سبع,س,ب,ع,,م,م,,,
سبغ,س,ب,غ,ل,,,,,
سبق,س,ب,ق,ك,ك,,,,
سبك,س,ب,ك,م,م,,,,
سبي,س,ب,ي,,ك,,,,
ستر,س,ت,ر,م,م,,,,
ستل,س,ت,ل,ل,,,م,,
سته,س,ت,ه,,,م,ل,,
سجج,س,ج,ج,ك,,,,,
سجح,س,ج,ح,,,ل,ل,,
سجد,س,ج,د,ل,,,ل,,
سجر,س,ج,ر,ك,,,ل,,
سجس,س,ج,س,,,,ل,,
سجع,س,ج,ع,,,ل,,,
سجف,س,ج,ف,م,,,ل,,
سجل,س,ج,ل,ك,,,,,
سجم,س,ج,م,ك,م,,,,
سجن,س,ج,ن,م,,,,,
سجو,س,ج,و,ك,,,,,
سحب,س,ح,ب,,,ك,,,
سحت,س,ح,ت,,,ك,,,
سحج,س,ح,ج,,,ك,,,
سحح,س,ح,ح,ك,ل,,,,
سحر,س,ح,ر,,,ك,ل,,
سحط,س,ح,ط,,,م,,,
سحف,س,ح,ف,,,ك,,,
سحق,س,ح,ق,,,ك,ل,ل,
سحل,س,ح,ل,,,ك,,,
سحم,س,ح,م,,,,ل,,
سحن,س,ح,ن,,,م,,,
سحو,س,ح,و,م,,م,,,
سحي,س,ح,ي,,م,م,,,
سخأ,س,خ,أ,,,م,,,
سخخ,س,خ,خ,,ل,,,,
سخر,س,خ,ر,,,ك,ل,,
سخط,س,خ,ط,,,,ك,,
سخف,س,خ,ف,,,,,ل,
سخل,س,خ,ل,,,م,,,
سخن,س,خ,ن,ل,,,ل,ل,
سخو,س,خ,و,ك,,,ل,ل,
سخي,س,خ,ي,,,م,,,
سدج,س,د,ج,ك,,,,,
سدح,س,د,ح,,,ك,,,
سدد,س,د,د,ك,ل,,,,
سدر,س,د,ر,ك,ك,,ل,,
سدس,س,د,س,م,م,,,,
سدع,س,د,ع,,,م,,,
سدف,س,د,ف,,,,ل,,
سدك,س,د,ك,,,,ل,,
سدل,س,د,ل,ك,م,,ل,,
سدم,س,د,م,ك,,,ل,,
سدن,س,د,ن,ك,م,,,,
سدو,س,د,و,ك,,,ل,,
سدي,س,د,ي,,م,,,,
سرأ,س,ر,أ,,,ل,,,
سرب,س,ر,ب,ك,,,ل,,
سرج,س,ر,ج,ك,,,ل,,
سرح,س,ر,ح,,,ك,ل,,
سرد,س,ر,د,م,,,ل,,
سرر,س,ر,ر,م,,,ل,,
سرس,س,ر,س,,,,ل,,
سرط,س,ر,ط,م,,,م,,
سرع,س,ر,ع,,,,ل,ل,
سرغ,س,ر,غ,,,,ل,,
سرف,س,ر,ف,م,,,ك,,
سرق,س,ر,ق,,ك,,ل,,
سرك,س,ر,ك,,,,ل,,
سرو,س,ر,و,ك,,,ل,ل,
سري,س,ر,ي,,ك,,,,
سطأ,س,ط,أ,,,م,,,
سطح,س,ط,ح,,,م,,,
سطر,س,ط,ر,ك,,,,,
سطع,س,ط,ع,,,ك,ل,,
سطم,س,ط,م,م,,,,,
سطو,س,ط,و,ك,,,,,
سعد,س,ع,د,,,ك,ل,,
سعر,س,ع,ر,,,ك,ل,,
سعط,س,ع,ط,م,,م,,,
سعف,س,ع,ف,,,ك,ل,,
سعل,س,ع,ل,ك,,,ل,,
سعم,س,ع,م,,,ك,,,
سعي,س,ع,ي,,,ل,,,
سغب,س,غ,ب,ل,,,ل,,
سغر,س,غ,ر,,,م,,,
سغل,س,غ,ل,,,,ل,,
سغم,س,غ,م,,,م,,,
سفت,س,ف,ت,,,,ك,,
سفح,س,ف,ح,,,ك,,,
سفد,س,ف,د,,ك,,ك,,
سفر,س,ف,ر,ل,ك,,,,
سفط,س,ف,ط,,,,,ل,
سفع,س,ف,ع,,,ك,ل,,
سفف,س,ف,ف,ك,ل,,م,,
سفك,س,ف,ك,م,ك,,,,
سفل,س,ف,ل,ل,,,ل,ل,
سفن,س,ف,ن,ل,ك,,ل,,
سفه,س,ف,ه,م,,م,ك,ل,
سفو,س,ف,و,ل,,,ل,,
سفي,س,ف,ي,,ك,,,,
سقب,س,ق,ب,,,,ل,,
سقت,س,ق,ت,,,,ل,,
سقد,س,ق,د,,م,,,,
سقر,س,ق,ر,ك,,,,,
سقط,س,ق,ط,ل,,,,,
سقع,س,ق,ع,,,ك,,,
سقف,س,ق,ف,م,,,ل,,
سقق,س,ق,ق,ل,,,,,
سقل,س,ق,ل,,,,ل,,
سقم,س,ق,م,,,,ل,ل,
سقي,س,ق,ي,,ك,,,,
سكب,س,ك,ب,ك,,,,,
سكت,س,ك,ت,ل,,,,,
سكر,س,ك,ر,ك,,,ل,,
سكع,س,ك,ع,,,ك,ل,,
سكف,س,ك,ف,,,,م,,
سكك,س,ك,ك,ك,,,ل,,
سكم,س,ك,م,ل,,,,,
سكن,س,ك,ن,ك,,,,ل,
سلأ,س,ل,أ,,,م,,,
سلب,س,ل,ب,م,,,ل,,
سلت,س,ل,ت,ك,ك,,,,
سلج,س,ل,ج,ك,,,ك,,
سلح,س,ل,ح,,,ل,,,
سلخ,س,ل,خ,ك,,ك,,ل,
سلس,س,ل,س,,,,ل,ل,
سلط,س,ل,ط,,,,ل,ل,
سلع,س,ل,ع,,,م,ل,,
سلغ,س,ل,غ,,,ك,ل,,
سلف,س,ل,ف,ك,,,,,
سلق,س,ل,ق,ك,,,,,
سلك,س,ل,ك,ك,,,,,
سلل,س,ل,ل,م,م,,,,
سلم,س,ل,م,,م,,ل,,
سلو,س,ل,و,ك,,,ك,,
سلي,س,ل,ي,,م,,ل,,
سمت,س,م,ت,ك,ك,,,,
سمج,س,م,ج,,,,,ل,
سمح,س,م,ح,,,ل,,ل,
سمخ,س,م,خ,,,ك,,,
سمد,س,م,د,ك,,,,,
سمر,س,م,ر,ك,م,,ل,ل,
سمط,س,م,ط,ك,ك,,,,
سمع,س,م,ع,,,,ك,,
سمق,س,م,ق,ل,,,,,
سمك,س,م,ك,ك,,,,,
سمل,س,م,ل,ك,,,,ل,
سمم,س,م,م,ك,,,,,
سمن,س,م,ن,ك,,,ل,ل,
سمه,س,م,ه,,,ل,,,
سمو,س,م,و,ك,,,,,
سنج,س,ن,ج,م,,,,,
سنح,س,ن,ح,,,ك,,,
سنخ,س,ن,خ,ل,,ل,ل,,
سند,س,ن,د,ك,,,,,
سنط,س,ن,ط,,,,ل,ل,
سنع,س,ن,ع,ل,,ل,,ل,
سنف,س,ن,ف,ك,ك,,,,
سنق,س,ن,ق,,,,ل,,
سنم,س,ن,م,,,,ل,,
سنن,س,ن,ن,م,,,,,
سنه,س,ن,ه,,,,ل,,
سنو,س,ن,و,ك,,,ل,ل,
سني,س,ن,ي,,ك,,,,
سهب,س,ه,ب,,,م,,,
سهج,س,ه,ج,,,ك,,,
سهد,س,ه,د,,,,ل,,
سهر,س,ه,ر,,,,ل,,
سهف,س,ه,ف,,,ل,ل,,
سهك,س,ه,ك,,,ك,ل,,
سهل,س,ه,ل,,,,,ل,
سهم,س,ه,م,,,ل,,ل,
سهو,س,ه,و,ل,,,,ل,
سوأ,س,و,أ,ك,,,,,
سوج,س,و,ج,ك,,,,,
سوخ,س,و,خ,ل,,,,,
سود,س,و,د,ك,,,ل,,
سور,س,و,ر,ك,,,,,
سوس,س,و,س,ك,,,,,
سوط,س,و,ط,ك,,,,,
سوع,س,و,ع,ل,,,,,
سوغ,س,و,غ,ك,,,,,
سوف,س,و,ف,ك,,,,,
سوق,س,و,ق,ك,,,ل,,
سوك,س,و,ك,ك,,,,,
سول,س,و,ل,,,,ل,,
سوم,س,و,م,ك,,,,,
سوو,س,و,و,,,,ل,,
سيب,س,ي,ب,,ل,,,,
سيح,س,ي,ح,,ل,,,,
سيخ,س,ي,خ,,ل,,,,
سير,س,ي,ر,,ك,,,,
سيس,س,ي,س,,,,ل,,
سيع,س,ي,ع,,ل,,,,
سيغ,س,ي,غ,,ك,,,,
سيف,س,ي,ف,,ك,,ل,,
سيل,س,ي,ل,,ل,,,,
شأز,ش,أ,ز,,,م,ل,,
شأس,ش,أ,س,,,,ل,,
شأف,ش,أ,ف,,,,ك,,
شأم,ش,أ,م,,,ك,,ل,
شأن,ش,أ,ن,,,ك,,,
شأو,ش,أ,و,ك,,,,,
شبب,ش,ب,ب,ك,ل,,,,
شبث,ش,ب,ث,,,,ك,,
شبح,ش,ب,ح,,,ك,,ل,
شبر,ش,ب,ر,م,م,,ل,,
شبع,ش,ب,ع,,,,ك,ل,
شبق,ش,ب,ق,,,,ل,,
شبك,ش,ب,ك,,ك,,,,
شبل,ش,ب,ل,ل,,,,,
شبم,ش,ب,م,م,,,ل,,
شبن,ش,ب,ن,ل,,,,,
شبو,ش,ب,و,ك,,,,,
شتت,ش,ت,ت,,ك,,,,
شتر,ش,ت,ر,,ك,,ل,,
شتع,ش,ت,ع,,,,ل,,
شتغ,ش,ت,غ,,,م,,,
شتل,ش,ت,ل,,م,,,,
شتم,ش,ت,م,م,م,,,ل,
شتن,ش,ت,ن,م,,,,,
شتو,ش,ت,و,ل,,,,,
شثر,ش,ث,ر,,,,ل,,
شثل,ش,ث,ل,,,,ل,ل,
شثن,ش,ث,ن,,,,ل,ل,
شجب,ش,ج,ب,ك,,,ل,,
شجج,ش,ج,ج,م,,,ل,,
شجر,ش,ج,ر,ك,,,ل,,
شجع,ش,ج,ع,,,,,ل,
شجن,ش,ج,ن,ك,,,ل,ل,
شجو,ش,ج,و,ك,,,ل,,
شحب,ش,ح,ب,ل,,ك,,ل,
شحج,ش,ح,ج,,ل,ل,,,
شحح,ش,ح,ح,ل,ل,,ل,,
شحذ,ش,ح,ذ,,,ك,,,
شحر,ش,ح,ر,,,ل,,,
شحط,ش,ح,ط,,,ك,ك,,
شحف,ش,ح,ف,,,م,,,
شحك,ش,ح,ك,,,م,,,
شحم,ش,ح,م,,,م,ل,ل,
شحن,ش,ح,ن,ل,,ك,ل,,
شحو,ش,ح,و,ك,,,,,
شحي,ش,ح,ي,,,م,,,
شخب,ش,خ,ب,ك,,ك,,,
شخت,ش,خ,ت,,,,,ل,
شخخ,ش,خ,خ,ل,,,,,
شخر,ش,خ,ر,,ك,,,,
شخز,ش,خ,ز,,,ك,,,
شخس,ش,خ,س,,,ل,,,
شخص,ش,خ,ص,,,ك,,ل,
شخل,ش,خ,ل,,,م,,,
شخم,ش,خ,م,ل,,,ل,,
شدح,ش,د,ح,,,ل,,,
شدخ,ش,د,خ,,,ك,,,
شدد,ش,د,د,ك,ك,,,,
شدف,ش,د,ف,,م,,ل,,
شدق,ش,د,ق,,,,ل,,
شدن,ش,د,ن,ل,,,,,
شده,ش,د,ه,,,م,,,
شدو,ش,د,و,ك,,,,,
شذب,ش,ذ,ب,م,ك,,,,
شذذ,ش,ذ,ذ,ك,ل,,,,
شذو,ش,ذ,و,ك,,,,,
شرب,ش,ر,ب,م,,,ك,,
شرث,ش,ر,ث,,,,ل,,
شرج,ش,ر,ج,ك,,,ل,,
شرح,ش,ر,ح,,,م,,,
شرخ,ش,ر,خ,ل,,,,,
شرد,ش,ر,د,ل,,,,,
شرر,ش,ر,ر,ك,ل,,ل,,
شرز,ش,ر,ز,,م,,,,
شرس,ش,ر,س,ك,,,ل,ل,
شرط,ش,ر,ط,ك,ك,,ل,,
شرع,ش,ر,ع,,,ك,,,
شرف,ش,ر,ف,ل,,,ل,ل,
شرق,ش,ر,ق,ك,,,ل,,
شرك,ش,ر,ك,,,,ك,,
شرم,ش,ر,م,,ك,,ل,,
شرن,ش,ر,ن,,,,ل,,
شره,ش,ر,ه,,,,ل,,
شري,ش,ر,ي,,ك,,ل,,
شزب,ش,ز,ب,ل,,,,ل,
شزر,ش,ز,ر,م,ك,,,,
شزز,ش,ز,ز,,ل,,,,
شزن,ش,ز,ن,,,,ل,ل,
شزو,ش,ز,و,ل,,,,,
شسب,ش,س,ب,,,,ل,ل,
شسس,ش,س,س,,ل,,,,
شسع,ش,س,ع,,,ك,ل,,
شسف,ش,س,ف,ك,,,,ل,
شصب,ش,ص,ب,ك,,,ل,,
شصر,ش,ص,ر,ك,ك,,,,
شصص,ش,ص,ص,,ك,,ل,,
شصو,ش,ص,و,ل,,,,,
شصي,ش,ص,ي,,,,ل,,
شطأ,ش,ط,أ,,,ك,,,
شطب,ش,ط,ب,ك,,,,,
شطح,ش,ط,ح,,,ل,,,
شطر,ش,ط,ر,ك,ل,,,,
شطس,ش,ط,س,ل,,,,,
شطط,ش,ط,ط,ك,ك,,,,
شطع,ش,ط,ع,,,,ل,,
شطف,ش,ط,ف,ك,,,,,
شطم,ش,ط,م,م,,,,,
شطن,ش,ط,ن,ك,,,,,
شطي,ش,ط,ي,,,,ل,,
شظظ,ش,ظ,ظ,ك,,,,,
شظف,ش,ظ,ف,م,,,ل,ل,
شظي,ش,ظ,ي,,ل,,ل,,
شعب,ش,ع,ب,,,ك,ل,,
شعث,ش,ع,ث,,,,ك,,
شعر,ش,ع,ر,ك,,,ل,ل,
شعع,ش,ع,ع,م,ل,,,,
شعف,ش,ع,ف,,,ك,ل,,
شعل,ش,ع,ل,,,ك,ل,,
شعن,ش,ع,ن,,,,ل,,
شعو,ش,ع,و,ل,,,ل,,
شغب,ش,غ,ب,,,ك,,,
شغر,ش,غ,ر,ك,,ك,,,
شغز,ش,غ,ز,,,ل,,,
شغغ,ش,غ,غ,ل,,,,,
شغف,ش,غ,ف,,,م,ل,,
شغل,ش,غ,ل,,,م,,,
شغو,ش,غ,و,ل,,,ل,,
شفر,ش,ف,ر,م,,,ل,,
شفز,ش,ف,ز,,م,,,,
شفع,ش,ف,ع,,,ك,,,
شفف,ش,ف,ف,م,ل,,,,
شفق,ش,ف,ق,,,,ل,,
شفن,ش,ف,ن,,ك,,م,,
شفه,ش,ف,ه,,,م,,,
شفو,ش,ف,و,ل,,,ل,,
شفي,ش,ف,ي,,ك,,,,
شقأ,ش,ق,أ,,,ك,,,
شقح,ش,ق,ح,,,ك,ل,ل,
شقذ,ش,ق,ذ,,ل,,ل,,
شقر,ش,ق,ر,,,,ل,ل,
شقع,ش,ق,ع,,,ك,,,
شقق,ش,ق,ق,ك,,,ل,,
شقل,ش,ق,ل,م,,,,,
شقن,ش,ق,ن,م,,,,ل,
شقو,ش,ق,و,م,,,ك,,
شكأ,ش,ك,أ,,,ل,ل,,
شكد,ش,ك,د,م,م,,,,
شكر,ش,ك,ر,ك,,,ل,,
شكز,ش,ك,ز,م,,,,,
شكس,ش,ك,س,,,,ل,ل,
شكع,ش,ك,ع,,,ك,ل,,
شكك,ش,ك,ك,ك,,,,,
شكل,ش,ك,ل,ك,,,ل,,
شكم,ش,ك,م,م,,,ل,,
شكو,ش,ك,و,ك,,,,,
شلخ,ش,ل,خ,,,م,,,
شلغ,ش,ل,غ,,,م,,,
شلق,ش,ل,ق,م,,,,,
شلل,ش,ل,ل,ك,,,ل,,
شلو,ش,ل,و,ك,,,,,
شمت,ش,م,ت,,,,ل,,
شمج,ش,م,ج,ك,,,,,
شمخ,ش,م,خ,,,ك,,,
شمذ,ش,م,ذ,,ك,,,,
شمر,ش,م,ر,ك,ك,,,,
شمز,ش,م,ز,ل,,,,,
شمس,ش,م,س,ل,ل,,ل,,
شمص,ش,م,ص,ك,,,,,
شمط,ش,م,ط,,ك,,ل,,
شمظ,ش,م,ظ,,ك,,,,
شمع,ش,م,ع,,,ل,,,
شمق,ش,م,ق,,,,ل,,
شمل,ش,م,ل,ك,م,,ك,,
شمم,ش,م,م,م,,,ك,,
شنأ,ش,ن,أ,,,م,ك,,
شنب,ش,ن,ب,,,,ل,,
شنث,ش,ن,ث,,,,ل,,
شنج,ش,ن,ج,,,,ل,,
شنص,ش,ن,ص,ل,,,ل,,
شنع,ش,ن,ع,,,م,ل,ل,
شنف,ش,ن,ف,ل,ل,,ك,,
شنق,ش,ن,ق,ك,ك,,ك,,
شنم,ش,ن,م,ك,,,,,
شنن,ش,ن,ن,ك,ل,,,,
شهب,ش,ه,ب,,,م,ل,ل,
شهد,ش,ه,د,,,,ك,,
شهر,ش,ه,ر,,,م,,,
شهق,ش,ه,ق,,ل,ل,ل,,
شهل,ش,ه,ل,,,,ل,,
شهم,ش,ه,م,م,,م,,ل,
شهو,ش,ه,و,م,,,م,ل,
شوأ,ش,و,أ,ك,,,,,
شوب,ش,و,ب,ك,,,,,
شور,ش,و,ر,ك,,,,,
شوس,ش,و,س,م,,,,,
شوص,ش,و,ص,ك,,,,,
شوط,ش,و,ط,ل,,,,,
شوظ,ش,و,ظ,ل,,,,,
شوع,ش,و,ع,ل,,,ل,,
شوف,ش,و,ف,ك,,,,,
شوق,ش,و,ق,ك,,,,,
شوك,ش,و,ك,ك,,,ك,,
شول,ش,و,ل,ك,,,,,
شون,ش,و,ن,ك,,,,,
شوه,ش,و,ه,ك,,,ل,,
شوي,ش,و,ي,,م,,,,
شيأ,ش,ي,أ,,,,ك,,
شيب,ش,ي,ب,,ل,,,,
شيح,ش,ي,ح,,ل,,,,
شيخ,ش,ي,خ,,ل,,,,
شيد,ش,ي,د,,ك,,,,
شيط,ش,ي,ط,,ك,,,,
شيظ,ش,ي,ظ,,ل,,,,
شيع,ش,ي,ع,,ك,,,,
شيق,ش,ي,ق,,م,,,,
شيل,ش,ي,ل,,ك,,,,
شيم,ش,ي,م,,ك,,ل,,
شين,ش,ي,ن,,م,,,,
شيه,ش,ي,ه,,م,,,,
صأب,ص,أ,ب,,,,ل,,
صأك,ص,أ,ك,,,,ل,,
صأل,ص,أ,ل,,,,,ل,
صأم,ص,أ,م,,,م,ل,,
صأي,ص,أ,ي,,,ل,,,
صبأ,ص,ب,أ,,,ك,,ل,
صبب,ص,ب,ب,م,ل,,ل,,
صبح,ص,ب,ح,,,ك,ل,ل,
صبر,ص,ب,ر,ك,ك,,,,
صبع,ص,ب,ع,,,ك,,,
صبغ,ص,ب,غ,ك,ك,ك,,,
صبن,ص,ب,ن,,ك,,,,
صبو,ص,ب,و,ل,,,ل,,
صتأ,ص,ت,أ,,,ك,,,
صتت,ص,ت,ت,ك,,,,,
صتع,ص,ت,ع,,,ك,,,
صته,ص,ت,ه,,,م,,,
صتو,ص,ت,و,ل,,,,,
صجج,ص,ج,ج,ل,,,,,
صحب,ص,ح,ب,,,م,م,,
صحح,ص,ح,ح,,ل,,,,
صحر,ص,ح,ر,,,ك,ل,,
صحل,ص,ح,ل,,,,ل,,
صحن,ص,ح,ن,,,ك,,,
صحو,ص,ح,و,ل,,,ل,,
صخب,ص,خ,ب,,,,ل,,
صخخ,ص,خ,خ,م,ل,,,,
صخد,ص,خ,د,,,ك,ل,,
صخر,ص,خ,ر,,,,ل,,
صخف,ص,خ,ف,,,ك,,,
صخو,ص,خ,و,,,,ل,,
صدأ,ص,د,أ,,,م,ل,,
صدح,ص,د,ح,,,ل,,,
صدد,ص,د,د,ك,ل,,,,
صدر,ص,د,ر,ك,ك,,,,
صدع,ص,د,ع,,,ك,,,
صدغ,ص,د,غ,ل,,م,,ل,
صدف,ص,د,ف,ل,ك,,ل,,
صدق,ص,د,ق,ك,,,,,
صدم,ص,د,م,,م,,,,
صدي,ص,د,ي,,,,ل,,
صرب,ص,ر,ب,ك,ك,,ل,,
صرح,ص,ر,ح,,,ك,,ل,
صرخ,ص,ر,خ,ل,,,,,
صرد,ص,ر,د,ك,,,ل,,
صرر,ص,ر,ر,ك,ل,,,,
صرع,ص,ر,ع,,,م,,,
صرف,ص,ر,ف,,ك,,,,
صرم,ص,ر,م,,ك,,,ل,
صرو,ص,ر,و,ل,,,,,
صري,ص,ر,ي,,ك,,ل,,
صعب,ص,ع,ب,,,,,ل,
صعد,ص,ع,د,,,,ك,,
صعر,ص,ع,ر,,,,ل,,
صعق,ص,ع,ق,,,ك,ل,,
صعل,ص,ع,ل,,,,ل,,
صعو,ص,ع,و,,,ل,,,
صغر,ص,غ,ر,م,,,ل,ل,
صغغ,ص,غ,غ,ل,,,,,
صغو,ص,غ,و,ك,,ك,ل,,
صفح,ص,ف,ح,,,ك,,,
صفد,ص,ف,د,,م,,,,
صفر,ص,ف,ر,,ل,,ل,ل,
صفع,ص,ف,ع,,,ك,,,
صفغ,ص,ف,غ,,,م,,,
صفف,ص,ف,ف,ك,,,,,
صفق,ص,ف,ق,,ك,,,ل,
صفن,ص,ف,ن,,ك,,,,
صفو,ص,ف,و,ك,,,,ل,
صقب,ص,ق,ب,ك,,,ل,,
صقر,ص,ق,ر,ك,,,,,
صقع,ص,ق,ع,,,ك,ل,,
صقق,ص,ق,ق,,ل,,,,
صقل,ص,ق,ل,م,,,ل,,
صكك,ص,ك,ك,م,,,ل,,
صكم,ص,ك,م,ك,,,,,
صكو,ص,ك,و,م,,,,,
صلب,ص,ل,ب,ك,ك,,,ل,
صلت,ص,ل,ت,م,ل,,,ل,
صلج,ص,ل,ج,ك,,,ل,,
صلح,ص,ل,ح,ل,,ل,,ل,
صلخ,ص,ل,خ,,,,ل,,
صلد,ص,ل,د,,ك,,,ل,
صلع,ص,ل,ع,,,,ل,,
صلف,ص,ل,ف,,م,,ل,,
صلق,ص,ل,ق,ك,ك,,,,
صلل,ص,ل,ل,م,ك,,,,
صلم,ص,ل,م,,م,,,,
صلو,ص,ل,و,ك,,,ل,,
صلي,ص,ل,ي,,ك,,م,,
صمأ,ص,م,أ,,,ك,,,
صمت,ص,م,ت,ل,,,,,
صمح,ص,م,ح,,ك,ك,,,
صمخ,ص,م,خ,م,,,,,
صمد,ص,م,د,ك,,,,,
صمر,ص,م,ر,ك,ل,,ل,,
صمع,ص,م,ع,,,ك,ل,,
صمل,ص,م,ل,ك,,,,,
صمم,ص,م,م,ك,,,ل,,
صمي,ص,م,ي,,ك,,,,
صنج,ص,ن,ج,ك,,,,,
صنخ,ص,ن,خ,,,,ل,,
صنع,ص,ن,ع,,,م,ل,,
صنق,ص,ن,ق,,,,ل,,
صنم,ص,ن,م,,,,ل,,
صنن,ص,ن,ن,,ل,,,,
صهب,ص,ه,ب,,,,ل,ل,
صهد,ص,ه,د,,,م,,,
صهر,ص,ه,ر,,,م,,,
صهل,ص,ه,ل,,ل,ل,,,
صهو,ص,ه,و,,,ل,ل,,
صهي,ص,ه,ي,,,ل,,,
صوب,ص,و,ب,ك,,,,,
صوت,ص,و,ت,ل,,,ل,,
صوح,ص,و,ح,م,,,,,
صوخ,ص,و,خ,ل,,,,,
صور,ص,و,ر,ك,,,ل,,
صوع,ص,و,ع,ك,,,,,
صوغ,ص,و,غ,ك,,,,,
صوف,ص,و,ف,ك,,,ل,,
صوق,ص,و,ق,م,,,,,
صوك,ص,و,ك,ل,,,,,
صول,ص,و,ل,ل,,,,,
صوم,ص,و,م,ك,,,,,
صون,ص,و,ن,ك,,,,,
صوي,ص,و,ي,,ل,,ل,,
صيأ,ص,ي,أ,,ل,,,,
صيب,ص,ي,ب,,ك,,,,
صيح,ص,ي,ح,,ل,,,,
صيد,ص,ي,د,,ك,,ك,,
صير,ص,ي,ر,,ك,,,,
صيص,ص,ي,ص,,ل,,,,
صيع,ص,ي,ع,,ك,,,,
صيف,ص,ي,ف,,ك,,,,
صيق,ص,ي,ق,,ل,,,,
صيك,ص,ي,ك,,ل,,,,
صيل,ص,ي,ل,,ل,,,,
ضأد,ض,أ,د,,,م,,,
ضأز,ض,أ,ز,,,ك,,,
ضأط,ض,أ,ط,,,,ل,,
ضأل,ض,أ,ل,,,,,ل,
ضأي,ض,أ,ي,,,ل,,,
ضبأ,ض,ب,أ,,,ك,,,
ضبب,ض,ب,ب,م,ك,,ل,ل,
ضبث,ض,ب,ث,,ك,,,,
ضبج,ض,ب,ج,ل,,,,,
ضبح,ض,ب,ح,,,ك,,,
ضبد,ض,ب,د,ك,,,,,
ضبر,ض,ب,ر,,ك,,,,
ضبس,ض,ب,س,ك,,,ل,,
ضبط,ض,ب,ط,م,م,,ل,,
ضبع,ض,ب,ع,,,ك,ل,,
ضبن,ض,ب,ن,م,,,ل,,
ضبو,ض,ب,و,ك,,,,,
ضبي,ض,ب,ي,,م,,,,
ضجج,ض,ج,ج,,ل,,,,
ضجر,ض,ج,ر,,,,ل,,
ضجع,ض,ج,ع,,,ك,,,
ضجم,ض,ج,م,,,,ل,,
ضحك,ض,ح,ك,,,,ل,,
ضحل,ض,ح,ل,,,ل,,,
ضحو,ض,ح,و,ل,,ل,ل,,
ضخخ,ض,خ,خ,م,,ل,,,
ضخز,ض,خ,ز,,,م,,,
ضخم,ض,خ,م,,,,,ل,
ضدأ,ض,د,أ,,,,ل,,
ضدد,ض,د,د,م,,,,,
ضدن,ض,د,ن,,م,,,,
ضدي,ض,د,ي,,,,ل,,
ضرأ,ض,ر,أ,,,ل,,,
ضرب,ض,ر,ب,,ك,,ل,ل,
ضرج,ض,ر,ج,م,م,,,,
ضرح,ض,ر,ح,ل,,ك,,,
ضرر,ض,ر,ر,ك,,,,,
ضرس,ض,ر,س,م,م,,ل,,
ضرط,ض,ر,ط,,ك,,ل,,
ضرع,ض,ر,ع,,,ك,ل,ل,
ضرك,ض,ر,ك,,,,,ل,
ضرم,ض,ر,م,,,,ل,,
ضرو,ض,ر,و,ل,,,ل,,
ضري,ض,ر,ي,,ل,,,,
ضزز,ض,ز,ز,,,,ك,,
ضزن,ض,ز,ن,م,م,,,,
ضعز,ض,ع,ز,,,م,,,
ضعط,ض,ع,ط,,,م,,,
ضعع,ض,ع,ع,م,,,,,
ضعف,ض,ع,ف,,,م,,ل,
ضعو,ض,ع,و,ل,,,,,
ضغب,ض,غ,ب,,,ك,,,
ضغث,ض,غ,ث,,,ك,,,
ضغط,ض,غ,ط,,,ك,,,
ضغل,ض,غ,ل,,,ل,,,
ضغم,ض,غ,م,,,ك,,,
ضغن,ض,غ,ن,,,,ل,,
ضغو,ض,غ,و,ل,,,,,
ضفد,ض,ف,د,,ك,,,,
ضفر,ض,ف,ر,,ك,,,,
ضفز,ض,ف,ز,,ك,,,,
ضفس,ض,ف,س,,م,,,,
ضفط,ض,ف,ط,ك,,,,ل,
ضفع,ض,ف,ع,,,ل,,,
ضفف,ض,ف,ف,ك,,,,,
ضفق,ض,ف,ق,ل,,,,,
ضفن,ض,ف,ن,,ك,,,,
ضفو,ض,ف,و,ل,,,,,
ضكز,ض,ك,ز,م,,,,,
ضكك,ض,ك,ك,م,,,,,
ضلع,ض,ل,ع,,,ك,ل,ل,
ضلل,ض,ل,ل,,ك,,ل,,
ضمج,ض,م,ج,,,,ل,,
ضمخ,ض,م,خ,,,م,,,
ضمد,ض,م,د,ك,ك,,ل,,
ضمر,ض,م,ر,ل,,,,ل,
ضمز,ض,م,ز,ك,ك,,,,
ضمس,ض,م,س,,م,,,,
ضمم,ض,م,م,ك,,,,,
ضمن,ض,م,ن,,,,ك,,
ضمي,ض,م,ي,,ك,,ل,,
ضنأ,ض,ن,أ,,,ل,ل,,
ضنب,ض,ن,ب,,ك,,,,
ضنط,ض,ن,ط,,,,ل,,
ضنك,ض,ن,ك,م,,,,ل,
ضنن,ض,ن,ن,,ل,,ل,,
ضنو,ض,ن,و,ل,,,ل,,
ضني,ض,ن,ي,,ل,,,,
ضهب,ض,ه,ب,,,ك,,,
ضهت,ض,ه,ت,,,م,,,
ضهد,ض,ه,د,,,م,,,
ضهز,ض,ه,ز,,,ك,,,
ضهس,ض,ه,س,,,ك,,,
ضهل,ض,ه,ل,,,ك,,,
ضهي,ض,ه,ي,,,,ل,,
ضوأ,ض,و,أ,ل,,,,,
ضوب,ض,و,ب,ل,,,,,
ضوج,ض,و,ج,ل,,,,,
ضور,ض,و,ر,ك,,,,,
ضوز,ض,و,ز,ك,,,,,
ضوس,ض,و,س,م,,,,,
ضوط,ض,و,ط,,,,ل,,
ضوع,ض,و,ع,ك,,,,,
ضوك,ض,و,ك,ك,,,,,
ضون,ض,و,ن,ل,,,,,
ضوي,ض,و,ي,,ك,,ل,,
ضيج,ض,ي,ج,,ل,,,,
ضيح,ض,ي,ح,,ك,,,,
ضير,ض,ي,ر,,م,,,,
ضيز,ض,ي,ز,,ك,,,,
ضيس,ض,ي,س,,ل,,,,
ضيط,ض,ي,ط,,ل,,,,
ضيع,ض,ي,ع,,ل,,,,
ضيف,ض,ي,ف,,ك,,,,
ضيق,ض,ي,ق,,ل,,,,
ضيك,ض,ي,ك,,ل,,,,
ضيم,ض,ي,م,,م,,,,
طبب,ط,ب,ب,ك,ك,,,,
طبج,ط,ب,ج,,,,ل,,
طبخ,ط,ب,خ,م,,م,,,
طبر,ط,ب,ر,ك,,,,,
طبز,ط,ب,ز,م,,,,,
طبع,ط,ب,ع,,,ك,ل,,
طبق,ط,ب,ق,,,,ل,,
طبل,ط,ب,ل,ل,,,,,
طبن,ط,ب,ن,,ك,,ل,,
طبو,ط,ب,و,م,,,,,
طبي,ط,ب,ي,,ك,,ل,,
طثأ,ط,ث,أ,,,ل,,,
طثث,ط,ث,ث,م,,,,,
طثر,ط,ث,ر,ل,,,,,
طثو,ط,ث,و,ل,,,,,
طجن,ط,ج,ن,م,,,,,
طحث,ط,ح,ث,,,م,,,
طحح,ط,ح,ح,م,,,,,
طحر,ط,ح,ر,,ل,ك,,,
طحز,ط,ح,ز,,,م,,,
طحس,ط,ح,س,,,م,,,
طحل,ط,ح,ل,,,م,ل,,
طحن,ط,ح,ن,,,ك,,,
طحو,ط,ح,و,ك,,,,,
طحي,ط,ح,ي,,ك,م,,,
طخخ,ط,خ,خ,ك,,,,,
طخش,ط,خ,ش,,,,ل,,
طخم,ط,خ,م,,,ل,,ل,
طخو,ط,خ,و,ل,,,,,
طرأ,ط,ر,أ,,,ل,,ل,
طرب,ط,ر,ب,,,,ل,,
طرح,ط,ر,ح,,,ك,ك,,
طرد,ط,ر,د,م,,,,,
طرر,ط,ر,ر,ك,ل,,,,
طرز,ط,ر,ز,م,,,ك,,
طرس,ط,ر,س,,م,,ل,,
طرش,ط,ر,ش,,,,ل,,
طرط,ط,ر,ط,,,,ل,,
طرف,ط,ر,ف,,ك,,ل,ل,
طرق,ط,ر,ق,ك,,,ل,,
طرم,ط,ر,م,,,,ل,,
طرو,ط,ر,و,ل,,,ل,ل,
طري,ط,ر,ي,,,,ل,,
طسأ,ط,س,أ,,,ل,ل,,
طسس,ط,س,س,ك,,,,,
طسع,ط,س,ع,,,ك,ل,,
طسل,ط,س,ل,ل,,,,,
طسم,ط,س,م,,ك,,ل,,
طسو,ط,س,و,ل,,,,,
طسي,ط,س,ي,,ل,,ل,,
طشش,ط,ش,ش,ك,ل,,,,
طعج,ط,ع,ج,,,م,,,
طعر,ط,ع,ر,,,م,,,
طعز,ط,ع,ز,,,م,,,
طعس,ط,ع,س,,,م,,,
طعع,ط,ع,ع,ك,,,,,
طعل,ط,ع,ل,,,ل,,,
طعم,ط,ع,م,,,,ك,,
طعن,ط,ع,ن,ك,,ك,,,
طغر,ط,غ,ر,,,ك,,,
طغو,ط,غ,و,ل,,,,,
طغي,ط,غ,ي,,,ل,ل,,
طفأ,ط,ف,أ,,,,ل,,
طفح,ط,ف,ح,,,ك,,,
طفذ,ط,ف,ذ,,م,,,,
طفر,ط,ف,ر,ل,ك,,,,
طفس,ط,ف,س,,ك,,ل,,
طفش,ط,ف,ش,,ك,,,,
طفف,ط,ف,ف,ك,ل,,,,
طفق,ط,ف,ق,,,,ك,,
طفل,ط,ف,ل,ك,,,ل,ل,
طفن,ط,ف,ن,ك,,,,,
طفو,ط,ف,و,ل,,,,,
طقق,ط,ق,ق,,ل,,,,
طلب,ط,ل,ب,ك,,,ل,,
طلث,ط,ل,ث,ل,,,,,
طلح,ط,ل,ح,ك,,ك,ل,,
طلس,ط,ل,س,,ك,,ل,ل,
طلع,ط,ل,ع,ك,,م,م,,
طلغ,ط,ل,غ,,,ك,,,
طلق,ط,ل,ق,ك,ك,,ل,ل,
طلل,ط,ل,ل,ك,ل,,ك,,
طلم,ط,ل,م,م,,,,,
طله,ط,ل,ه,,,ل,,,
طلو,ط,ل,و,ك,,,,,
طلي,ط,ل,ي,,ك,,ل,,
طمث,ط,م,ث,ك,ك,,ل,,
طمح,ط,م,ح,,,ل,,,
طمر,ط,م,ر,ك,ك,,ل,,
طمس,ط,م,س,ك,ك,,,,
طمع,ط,م,ع,,,,ل,ل,
طمغ,ط,م,غ,,,,ل,,
طمل,ط,م,ل,ك,,,ل,,
طمم,ط,م,م,ك,ك,,,,
طمو,ط,م,و,ل,,,,,
طمي,ط,م,ي,,ل,,,,
طنأ,ط,ن,أ,,,ل,ل,,
طنب,ط,ن,ب,,,,ل,,
طنح,ط,ن,ح,,,,ل,,
طنخ,ط,ن,خ,,,,ل,,
طنز,ط,ن,ز,ل,ل,,,,
طنف,ط,ن,ف,,,,ك,,
طنن,ط,ن,ن,,ل,,,,
طني,ط,ن,ي,,,,ل,,
طهر,ط,ه,ر,ل,,م,,ل,
طهس,ط,ه,س,,,ل,,,
طهش,ط,ه,ش,,,م,,,
طهق,ط,ه,ق,,,ل,,,
طهل,ط,ه,ل,,,ل,ل,,
طهو,ط,ه,و,ك,,ك,,,
طهي,ط,ه,ي,,ل,,,,
طوأ,ط,و,أ,ل,,,,,
طوح,ط,و,ح,ل,,,,,
طوخ,ط,و,خ,م,,,,,
طود,ط,و,د,ل,,,,,
طور,ط,و,ر,ك,,,,,
طوس,ط,و,س,ك,,,,,
طوط,ط,و,ط,ل,,,,,
طوع,ط,و,ع,ك,,,ل,,
طوف,ط,و,ف,ل,,,,,
طوق,ط,و,ق,م,,,,,
طول,ط,و,ل,ك,,,,ل,
طوي,ط,و,ي,,ك,,ل,,
طيب,ط,ي,ب,,ك,,,,
طيح,ط,ي,ح,,ل,,,,
طيخ,ط,ي,خ,,ك,,,,
طير,ط,ي,ر,,ل,,,,
طيس,ط,ي,س,,ل,,,,
طيش,ط,ي,ش,,ل,,,,
طيط,ط,ي,ط,,ل,,ل,,
طيف,ط,ي,ف,,ل,,,,
طيم,ط,ي,م,,ك,,,,
طين,ط,ي,ن,,ك,,,,
ظأب,ظ,أ,ب,,,ل,,,
ظأت,ظ,أ,ت,,,م,,,
ظأر,ظ,أ,ر,,,ك,,,
ظأف,ظ,أ,ف,,,م,,,
ظجج,ظ,ج,ج,,ل,,,,
ظرب,ظ,ر,ب,,,,ل,,
ظرر,ظ,ر,ر,ك,,,,,
ظرف,ظ,ر,ف,,,,,ل,
ظري,ظ,ر,ي,,ل,,ل,,
ظعن,ظ,ع,ن,,,ل,,,
ظفر,ظ,ف,ر,,ك,,ك,,
ظفف,ظ,ف,ف,م,,,,,
ظلع,ظ,ل,ع,,,ك,,,
ظلف,ظ,ل,ف,,م,,ل,,
ظلل,ظ,ل,ل,,ل,,ل,,
ظلم,ظ,ل,م,,ك,,ل,,
ظمأ,ظ,م,أ,,,,ل,,
ظمي,ظ,م,ي,,,,ل,,
ظنن,ظ,ن,ن,ك,,,,,
ظهر,ظ,ه,ر,,,ك,ل,,
ظوف,ظ,و,ف,م,,,,,
عبأ,ع,ب,أ,,,ك,,,
عبب,ع,ب,ب,ك,,,,,
عبت,ع,ب,ت,,م,,,,
عبث,ع,ب,ث,,ك,,ل,,
عبد,ع,ب,د,ك,,,ك,ل,
عبر,ع,ب,ر,ك,م,,ل,,
عبس,ع,ب,س,,ك,,ل,,
عبش,ع,ب,ش,م,,,,,
عبط,ع,ب,ط,,ك,,,,
عبق,ع,ب,ق,,,,ل,,
عبك,ع,ب,ك,م,,,,,
عبل,ع,ب,ل,ك,ك,,ل,ل,
عبم,ع,ب,م,,,,,ل,
عبو,ع,ب,و,ك,,,,,
عبي,ع,ب,ي,,م,,,,
عتب,ع,ت,ب,ك,ك,,,,
عتت,ع,ت,ت,م,,,,,
عتد,ع,ت,د,,,,,ل,
عتر,ع,ت,ر,,ك,,,,
عتف,ع,ت,ف,,م,,,,
عتق,ع,ت,ق,ك,ك,,,ل,
عتك,ع,ت,ك,,ك,,,,
عتل,ع,ت,ل,م,م,,ل,,
عتم,ع,ت,م,ل,ك,,,,
عتن,ع,ت,ن,م,م,,,,
عته,ع,ت,ه,,,,ل,,
عتو,ع,ت,و,ل,,,,,
عتي,ع,ت,ي,,,,ل,,
عثث,ع,ث,ث,ك,,,,,
عثج,ع,ث,ج,,ل,,,,
عثر,ع,ث,ر,ل,ل,,ل,ل,
عثل,ع,ث,ل,ل,,,ل,,
عثم,ع,ث,م,ك,ك,,ل,,
عثن,ع,ث,ن,ك,,,ل,,
عثو,ع,ث,و,ل,,ك,ل,,
عجب,ع,ج,ب,,,,ل,,
عجج,ع,ج,ج,,ك,,ك,,
عجر,ع,ج,ر,,ك,,ل,,
عجز,ع,ج,ز,ك,ل,,ل,ل,
عجس,ع,ج,س,,ك,,,,
عجف,ع,ج,ف,ك,ك,,ل,ل,
عجل,ع,ج,ل,,,,ك,,
عجم,ع,ج,م,ك,,,,ل,
عجن,ع,ج,ن,ك,ك,,ل,,
عجو,ع,ج,و,ك,,,ل,,
عدد,ع,د,د,م,,,,,
عدر,ع,د,ر,,,,ل,,
عدس,ع,د,س,,ك,,,,
عدف,ع,د,ف,,ك,,,,
عدق,ع,د,ق,,ل,,ل,,
عدك,ع,د,ك,,م,,,,
عدل,ع,د,ل,,ك,,,ل,
عدم,ع,د,م,,,,م,ل,
عدن,ع,د,ن,ل,ك,,,,
عدو,ع,د,و,ك,,,ل,,
عذب,ع,ذ,ب,,ك,,,ل,
عذر,ع,ذ,ر,م,ك,,,,
عذف,ع,ذ,ف,,ك,,,,
عذق,ع,ذ,ق,ك,ك,,,,
عذل,ع,ذ,ل,م,م,,,,
عذم,ع,ذ,م,,ك,,م,,
عذو,ع,ذ,و,ل,,,ل,ل,
عرب,ع,ر,ب,,ك,,ل,ل,
عرت,ع,ر,ت,ك,ك,,ل,,
عرج,ع,ر,ج,ل,ل,,ل,ل,
عرد,ع,ر,د,ك,,,ل,,
عرر,ع,ر,ر,ك,ك,,ل,,
عرز,ع,ر,ز,,ك,,ل,,
عرس,ع,ر,س,ك,ك,,ل,,
عرش,ع,ر,ش,ك,ك,,ل,,
عرص,ع,ر,ص,,ل,,ل,,
عرض,ع,ر,ض,ك,ك,,ل,ل,
عرط,ع,ر,ط,م,,,,,
عرف,ع,ر,ف,ك,ك,,ل,ل,
عرق,ع,ر,ق,م,ك,,ل,,
عرك,ع,ر,ك,ك,,,ل,,
عرم,ع,ر,م,ك,ك,,ل,ل,
عرن,ع,ر,ن,ك,ك,,ل,ل,
عرو,ع,ر,و,ك,,,,,
عري,ع,ر,ي,,,,ك,,
عزب,ع,ز,ب,ك,ل,,,,
عزج,ع,ز,ج,ك,,,,,
عزد,ع,ز,د,,م,,,,
عزر,ع,ز,ر,,م,,,,
عزز,ع,ز,ز,ك,ك,,,ل,
عزف,ع,ز,ف,ك,ك,,,,
عزق,ع,ز,ق,ك,م,,ل,,
عزل,ع,ز,ل,,ك,,,,
عزم,ع,ز,م,,ك,,,,
عزو,ع,ز,و,ك,,,,,
عزي,ع,ز,ي,,ك,,ل,,
عسب,ع,س,ب,,ك,,,,
عسج,ع,س,ج,,ل,,ل,,
عسد,ع,س,د,,ك,,,,
عسر,ع,س,ر,ك,ك,,ل,ل,
عسس,ع,س,س,ك,,,,,
عسف,ع,س,ف,,ك,,,,
عسق,ع,س,ق,,,,ل,,
عسك,ع,س,ك,,,,ل,,
عسل,ع,س,ل,ل,ك,,,,
عسم,ع,س,م,,ك,,ل,,
عسن,ع,س,ن,,,,ل,,
عسو,ع,س,و,ل,,,ل,,
عسي,ع,س,ي,,ل,,ل,,
عشب,ع,ش,ب,,,,ل,ل,
عشد,ع,ش,د,,م,,,,
عشر,ع,ش,ر,ك,ك,,,,
عشز,ع,ش,ز,,ل,,,,
عشش,ع,ش,ش,ك,,,ل,,
عشط,ع,ش,ط,,م,,,,
عشق,ع,ش,ق,,,,ل,,
عشم,ع,ش,م,,,,ل,,
عشن,ع,ش,ن,ك,,,,,
عشو,ع,ش,و,ك,,,ل,,
عصب,ع,ص,ب,,ك,,ل,,
عصد,ع,ص,د,ك,ك,,ل,,
عصر,ع,ص,ر,,ك,,,,
عصص,ع,ص,ص,,,,ل,,
عصف,ع,ص,ف,,ك,,,,
عصل,ع,ص,ل,ك,,,ل,,
عصم,ع,ص,م,,ك,,ل,,
عصو,ع,ص,و,ك,,,ل,,
عصي,ع,ص,ي,,ك,,,,
عضب,ع,ض,ب,,ك,,ل,ل,
عضد,ع,ض,د,م,ك,,ل,,
عضر,ع,ض,ر,ل,,,,,
عضض,ع,ض,ض,,,,ك,,
عضل,ع,ض,ل,ك,م,,ل,,
عضه,ع,ض,ه,,,ك,ل,,
عضو,ع,ض,و,م,,,,,
عطب,ع,ط,ب,ل,,,ل,,
عطر,ع,ط,ر,,,,ل,,
عطس,ع,ط,س,ل,ل,,,,
عطش,ع,ط,ش,,,,ل,,
عطط,ع,ط,ط,م,,,,,
عطف,ع,ط,ف,,ك,,,,
عطل,ع,ط,ل,,,,ل,,
عطن,ع,ط,ن,ك,ك,,ل,,
عطو,ع,ط,و,ك,,,,,
عظب,ع,ظ,ب,,ل,,ل,,
عظر,ع,ظ,ر,,م,,ك,,
عظظ,ع,ظ,ظ,م,,,,,
عظل,ع,ظ,ل,ل,,,ل,,
عظم,ع,ظ,م,م,,,,ل,
عظو,ع,ظ,و,م,,,,,
عظي,ع,ظ,ي,,ك,,ل,,
عفت,ع,ف,ت,,م,,ل,,
عفج,ع,ف,ج,,م,,ل,,
عفد,ع,ف,د,,ل,,,,
عفر,ع,ف,ر,,ك,,ل,,
عفس,ع,ف,س,,م,,,,
عفش,ع,ف,ش,,م,,,,
عفص,ع,ف,ص,,م,,ل,,
عفط,ع,ف,ط,,ل,,,,
عفف,ع,ف,ف,,ك,,,,
عفق,ع,ف,ق,,ك,,,,
عفك,ع,ف,ك,,م,,ل,,
عفل,ع,ف,ل,م,,,ل,,
عفن,ع,ف,ن,,م,,ل,,
عفه,ع,ف,ه,,,ل,,,
عفو,ع,ف,و,ك,,,,,
عقب,ع,ق,ب,ك,م,,ك,,
عقد,ع,ق,د,,ك,,ل,,
عقر,ع,ق,ر,,ك,,ل,ل,
عقص,ع,ق,ص,,م,,ل,,
عقف,ع,ق,ف,,ك,,,,
عقق,ع,ق,ق,ك,ل,,,,
عقل,ع,ق,ل,ك,ك,,ل,,
عقم,ع,ق,م,ك,م,,ل,ل,
عقو,ع,ق,و,ك,,,,,
عقي,ع,ق,ي,,ك,,,,
عكب,ع,ك,ب,ل,,,ل,,
عكد,ع,ك,د,,ك,,ل,,
عكر,ع,ك,ر,ل,,,ل,,
عكز,ع,ك,ز,ك,,,ل,,
عكس,ع,ك,س,,ك,,,,
عكش,ع,ك,ش,,ك,,ل,,
عكص,ع,ك,ص,,م,,ل,,
عكظ,ع,ك,ظ,,ك,,,,
عكف,ع,ك,ف,ك,ك,,,,
عكك,ع,ك,ك,ك,ل,,,,
عكل,ع,ك,ل,ك,ك,,ل,,
عكم,ع,ك,م,,ك,,,,
عكو,ع,ك,و,ك,,,,,
عكي,ع,ك,ي,,ك,,,,
علب,ع,ل,ب,ك,م,,ل,,
علث,ع,ل,ث,,ك,,ل,,
علج,ع,ل,ج,ك,,,ل,,
علد,ع,ل,د,,,,ل,,
علز,ع,ل,ز,,,,ل,,
علس,ع,ل,س,,ك,,,,
علض,ع,ل,ض,,م,,,,
علط,ع,ل,ط,م,م,,,,
علف,ع,ل,ف,,ك,,,,
علق,ع,ل,ق,ك,,,ك,,
علك,ع,ل,ك,م,م,,,,
علل,ع,ل,ل,ك,ك,,,,
علم,ع,ل,م,م,م,,ك,,
علن,ع,ل,ن,ل,ل,,ل,,
عله,ع,ل,ه,,,,ل,,
علو,ع,ل,و,ك,,,ك,,
علي,ع,ل,ي,,ك,,,,
عمت,ع,م,ت,,ك,,,,
عمج,ع,م,ج,,ل,,,,
عمد,ع,م,د,,ك,,ل,,
عمر,ع,م,ر,ك,ك,,ل,ل,
عمس,ع,م,س,ك,م,,ل,ل,
عمش,ع,م,ش,,م,,ل,,
عمط,ع,م,ط,م,,,,,
عمق,ع,م,ق,,,,ل,ل,
عمل,ع,م,ل,,,,ك,,
عمم,ع,م,م,ك,,,,,
عمن,ع,م,ن,,ل,,ل,,
عمه,ع,م,ه,,,ل,ل,,
عمي,ع,م,ي,,ل,,ل,,
عنت,ع,ن,ت,,,,ل,,
عنج,ع,ن,ج,ك,ك,,,,
عند,ع,ن,د,ك,ل,,ل,ل,
عنز,ع,ن,ز,ك,,,,,
عنس,ع,ن,س,ك,ك,,ل,,
عنش,ع,ن,ش,ك,ك,,,,
عنف,ع,ن,ف,,,,,ل,
عنق,ع,ن,ق,م,,,ل,,
عنك,ع,ن,ك,ك,,,,,
عنن,ع,ن,ن,ك,ك,,,,
عنو,ع,ن,و,ك,,,,,
عني,ع,ن,ي,,ك,,ك,,
عهب,ع,ه,ب,,,,م,,
عهد,ع,ه,د,,,,ك,,
عهر,ع,ه,ر,,,ك,,,
عهن,ع,ه,ن,ك,ك,,,,
عوث,ع,و,ث,م,,,,,
عوج,ع,و,ج,ك,,,ل,,
عود,ع,و,د,ك,,,,,
عوذ,ع,و,ذ,ل,,,,,
عور,ع,و,ر,ك,,,ك,,
عوز,ع,و,ز,ك,,,ل,,
عوس,ع,و,س,ك,,,ل,,
عوص,ع,و,ص,,,,ل,,
عوض,ع,و,ض,م,,,,,
عوط,ع,و,ط,ل,,,,,
عوف,ع,و,ف,ك,,,,,
عوق,ع,و,ق,م,,,,,
عوك,ع,و,ك,ك,,,,,
عول,ع,و,ل,ك,,,,,
عوم,ع,و,م,ل,,,,,
عون,ع,و,ن,ل,,,,,
عوه,ع,و,ه,ل,,,,,
عوي,ع,و,ي,,ك,,,,
عيب,ع,ي,ب,,ك,,,,
عيث,ع,ي,ث,,ك,,,,
عيج,ع,ي,ج,,ل,,,,
عير,ع,ي,ر,,ك,,,,
عيس,ع,ي,س,,ك,,,,
عيش,ع,ي,ش,,ل,,,,
عيط,ع,ي,ط,,ل,,ل,,
عيف,ع,ي,ف,,ك,,م,,
عيق,ع,ي,ق,,م,,,,
عيك,ع,ي,ك,,ل,,,,
عيل,ع,ي,ل,,ك,,,,
عيم,ع,ي,م,,ل,,ل,,
عين,ع,ي,ن,,ك,,ل,,
عيه,ع,ي,ه,,ل,,,,
عيي,ع,ي,ي,,,,ك,,
غبأ,غ,ب,أ,,,ل,,,
غبب,غ,ب,ب,ك,ك,,,,
غبث,غ,ب,ث,,ك,,ل,,
غبج,غ,ب,ج,,,,م,,
غبر,غ,ب,ر,ل,,,ل,,
غبس,غ,ب,س,ل,,,ل,,
غبش,غ,ب,ش,,م,,ل,,
غبص,غ,ب,ص,,,,ل,,
غبط,غ,ب,ط,,م,,م,,
غبق,غ,ب,ق,م,م,,,,
غبن,غ,ب,ن,م,م,,ك,,
غبو,غ,ب,و,,,,ك,,
غتت,غ,ت,ت,ك,,,,,
غتل,غ,ت,ل,,,,ل,,
غتم,غ,ت,م,ل,,,ل,,
غثث,غ,ث,ث,,ل,,ل,,
غثر,غ,ث,ر,ل,,,ل,,
غثم,غ,ث,م,ك,,,ل,,
غثو,غ,ث,و,ك,,,,,
غثي,غ,ث,ي,,ك,,ل,,
غدد,غ,د,د,ل,,,,,
غدر,غ,د,ر,ك,ك,,ل,,
غدف,غ,د,ف,ل,,,,,
غدق,غ,د,ق,,ل,,ل,,
غدن,غ,د,ن,,,,ل,,
غدو,غ,د,و,ك,,,ل,,
غذذ,غ,ذ,ذ,ك,ك,,,,
غذم,غ,ذ,م,ك,,,ك,,
غذو,غ,ذ,و,ك,,,,,
غرب,غ,ر,ب,ل,,,ل,ل,
غرث,غ,ر,ث,,,,ل,,
غرد,غ,ر,د,,,,ل,,
غرر,غ,ر,ر,ك,ل,,ل,,
غرز,غ,ر,ز,,ك,,ل,,
غرس,غ,ر,س,,م,,,,
غرض,غ,ر,ض,,ك,,ل,ل,
غرف,غ,ر,ف,م,م,,ل,,
غرق,غ,ر,ق,,,,ل,,
غرل,غ,ر,ل,,,,ل,,
غرم,غ,ر,م,,,,ك,,
غرن,غ,ر,ن,,,,ل,,
غرو,غ,ر,و,ك,,,ل,,
غري,غ,ر,ي,,م,,,,
غزر,غ,ز,ر,,,,,ل,
غزز,غ,ز,ز,ك,,,,,
غزل,غ,ز,ل,,م,,ل,,
غزو,غ,ز,و,ك,,,,,
غسر,غ,س,ر,ك,,,,,
غسس,غ,س,س,ك,,,,,
غسق,غ,س,ق,,ل,,ل,,
غسل,غ,س,ل,,ك,,,,
غسم,غ,س,م,ل,,,,,
غسن,غ,س,ن,م,,,,,
غسو,غ,س,و,ل,,,,,
غسي,غ,س,ي,,,,ل,,
غشش,غ,ش,ش,م,ل,,,,
غشم,غ,ش,م,ل,ك,,,,
غشو,غ,ش,و,م,,,ك,,
غشي,غ,ش,ي,,,,ك,,
غصب,غ,ص,ب,,م,,,,
غصص,غ,ص,ص,ك,,,ل,,
غصن,غ,ص,ن,,م,,,,
غضب,غ,ض,ب,,,,ل,,
غضر,غ,ض,ر,ك,ك,,ك,ل,
غضض,غ,ض,ض,ك,ل,,ل,,
غضف,غ,ض,ف,,ك,,ل,,
غضن,غ,ض,ن,ك,ك,,ل,,
غضو,غ,ض,و,ل,,,,,
غضي,غ,ض,ي,,,,ل,,
غطس,غ,ط,س,,ك,,,,
غطش,غ,ط,ش,,ل,,ل,,
غطط,غ,ط,ط,م,ك,,,,
غطف,غ,ط,ف,,,,ل,,
غطل,غ,ط,ل,ل,,,ل,,
غطو,غ,ط,و,ك,,,,,
غطي,غ,ط,ي,,ك,,,,
غفر,غ,ف,ر,,ك,,ل,,
غفق,غ,ف,ق,,ك,,,,
غفل,غ,ف,ل,ك,,,,,
غفو,غ,ف,و,ل,,,,,
غفي,غ,ف,ي,,م,,ل,,
غقق,غ,ق,ق,,ل,,,,
غلب,غ,ل,ب,,ك,,ل,,
غلت,غ,ل,ت,م,,,ل,,
غلث,غ,ل,ث,,م,,ل,,
غلج,غ,ل,ج,,ل,,,,
غلط,غ,ل,ط,,,,ل,,
غلظ,غ,ل,ظ,,ل,,,ل,
غلف,غ,ل,ف,م,,,ل,,
غلق,غ,ل,ق,,م,,ل,,
غلل,غ,ل,ل,ك,ل,,ك,,
غلم,غ,ل,م,م,,,ل,,
غلن,غ,ل,ن,ل,,,,,
غلو,غ,ل,و,ل,,,,,
غلي,غ,ل,ي,,ل,,ل,,
غمت,غ,م,ت,,م,,ل,,
غمج,غ,م,ج,,م,,م,,
غمد,غ,م,د,ك,م,,ل,,
غمر,غ,م,ر,ك,,,ل,ل,
غمز,غ,م,ز,,ك,,,,
غمس,غ,م,س,,ك,,,,
غمش,غ,م,ش,,,,ل,,
غمص,غ,م,ص,,م,,م,,
غمض,غ,م,ض,ل,ل,,,ل,
غمط,غ,م,ط,,م,,م,,
غمق,غ,م,ق,ل,,,ل,ل,
غمل,غ,م,ل,ك,,,ل,,
غمم,غ,م,م,ك,,,ل,,
غمن,غ,م,ن,ك,,,,,
غمو,غ,م,و,م,,,,,
غمي,غ,م,ي,,م,,,,
غنث,غ,ن,ث,,ك,,ل,,
غنج,غ,ن,ج,,,,ل,,
غنص,غ,ن,ص,,,,ل,,
غنض,غ,ن,ض,,م,,,,
غنظ,غ,ن,ظ,,م,,,,
غنم,غ,ن,م,,,,ك,,
غنن,غ,ن,ن,,,,ل,,
غني,غ,ن,ي,,,,ل,,
غهب,غ,ه,ب,,,,ل,,
غوث,غ,و,ث,م,,,,,
غوج,غ,و,ج,ل,,,,,
غور,غ,و,ر,ك,,,,,
غوز,غ,و,ز,م,,,,,
غوص,غ,و,ص,ل,,,,,
غوط,غ,و,ط,ك,,,,,
غول,غ,و,ل,م,,,,,
غوو,غ,و,و,,,,ل,,
غيب,غ,ي,ب,,ك,,,,
غيث,غ,ي,ث,,ك,,,,
غيد,غ,ي,د,,,,ل,,
غير,غ,ي,ر,,ك,,ل,,
غيس,غ,ي,س,,,,ل,,
غيض,غ,ي,ض,,ك,,,,
غيط,غ,ي,ط,,ل,,,,
غيظ,غ,ي,ظ,,م,,,,
غيف,غ,ي,ف,,ل,,,,
غيل,غ,ي,ل,,م,,,,
غيم,غ,ي,م,,ل,,,,
غين,غ,ي,ن,,ل,,ل,,
فأد,ف,أ,د,,,ك,ل,,
فأر,ف,أ,ر,,,ك,,,
فأس,ف,أ,س,,,م,,,
فأق,ف,أ,ق,,,ل,ل,,
فأم,ف,أ,م,,,ل,,,
فأو,ف,أ,و,م,,,,,
فأي,ف,أ,ي,,,م,,,
فتأ,ف,ت,أ,,,م,ل,,
فتت,ف,ت,ت,ك,,,,,
فتح,ف,ت,ح,,,ك,,,
فتخ,ف,ت,خ,,,م,ل,,
فتر,ف,ت,ر,ك,ك,,,,
فتش,ف,ت,ش,,ك,,,,
فتغ,ف,ت,غ,,,م,,,
فتق,ف,ت,ق,ك,ك,,ل,,
فتك,ف,ت,ك,ك,ك,,,,
فتل,ف,ت,ل,,ك,,ل,,
فتن,ف,ت,ن,,ك,,,,
فتو,ف,ت,و,م,,,,ل,
فتي,ف,ت,ي,,,,ل,,
فثأ,ف,ث,أ,,,ك,ل,,
فثث,ف,ث,ث,م,,,,,
فثج,ف,ث,ج,ك,,,,,
فثغ,ف,ث,غ,,,م,,,
فجأ,ف,ج,أ,,,م,ك,,
فجج,ف,ج,ج,ك,,,ل,,
فجر,ف,ج,ر,ك,,,,,
فجس,ف,ج,س,ك,,,,,
فجش,ف,ج,ش,م,,,,,
فجع,ف,ج,ع,,,م,,,
فجل,ف,ج,ل,ل,,,ل,,
فجم,ف,ج,م,,,,ل,,
فجو,ف,ج,و,م,,,,,
فجي,ف,ج,ي,,,,ل,,
فحث,ف,ح,ث,,,ل,,,
فحج,ف,ح,ج,,,ك,ل,,
فحح,ف,ح,ح,ل,ل,,,,
فحس,ف,ح,س,,,م,,,
فحش,ف,ح,ش,ل,,,,ل,
فحص,ف,ح,ص,,,ك,,,
فحض,ف,ح,ض,,,م,,,
فحل,ف,ح,ل,,,م,,,
فحم,ف,ح,م,ل,,ل,ل,ل,
فحو,ف,ح,و,ل,,,,,
فحي,ف,ح,ي,,ل,,ل,,
فخت,ف,خ,ت,,,ك,,,
فخج,ف,خ,ج,,,ل,ل,,
فخخ,ف,خ,خ,,ل,,ل,,
فخذ,ف,خ,ذ,,,م,,,
فخر,ف,خ,ر,م,,ل,ل,,
فخز,ف,خ,ز,,,ك,ل,,
فخش,ف,خ,ش,,,م,,,
فخم,ف,خ,م,,,,,ل,
فدح,ف,د,ح,,,م,,,
فدخ,ف,د,خ,,,م,,,
فدد,ف,د,د,,ل,,,,
فدر,ف,د,ر,,ل,,ل,,
فدش,ف,د,ش,م,,,,,
فدع,ف,د,ع,,,,ل,,
فدغ,ف,د,غ,,,م,,,
فدم,ف,د,م,,ك,,,ل,
فدي,ف,د,ي,,م,,,,
فذذ,ف,ذ,ذ,ك,ك,,,,
فرت,ف,ر,ت,ل,,,ل,ل,
فرث,ف,ر,ث,ك,م,,ل,,
فرج,ف,ر,ج,,ك,,ل,ل,
فرح,ف,ر,ح,,,,ل,,
فرخ,ف,ر,خ,,,,ل,,
فرد,ف,ر,د,ل,,,ل,ل,
فرر,ف,ر,ر,ك,ل,,,,
فرز,ف,ر,ز,,م,,,,
فرس,ف,ر,س,,م,,ل,ل,
فرش,ف,ر,ش,ك,ك,,,,
فرص,ف,ر,ص,م,م,,,,
فرض,ف,ر,ض,,ك,,,ل,
فرط,ف,ر,ط,ك,ك,,,,
فرع,ف,ر,ع,,,ك,ل,,
فرغ,ف,ر,غ,ك,,ك,ك,ل,
فرق,ف,ر,ق,ك,ك,,ل,,
فرك,ف,ر,ك,م,,,ك,,
فرم,ف,ر,م,م,,,,,
فره,ف,ر,ه,ل,,,ل,ل,
فري,ف,ر,ي,,ك,,ل,,
فزر,ف,ز,ر,ك,,,ل,,
فزز,ف,ز,ز,ك,ل,,,,
فزع,ف,ز,ع,,,ك,ك,,
فسأ,ف,س,أ,,,م,ل,,
فسج,ف,س,ج,ل,,,,,
فسح,ف,س,ح,,,ك,,ل,
فسخ,ف,س,خ,,,ك,ل,,
فسد,ف,س,د,ل,,,,ل,
فسر,ف,س,ر,ك,م,,,,
فسق,ف,س,ق,ك,ك,,,ل,
فسل,ف,س,ل,م,,,ل,ل,
فسو,ف,س,و,ل,,,,,
فشأ,ف,ش,أ,,,ل,,,
فشج,ف,ش,ج,,ل,,,,
فشح,ف,ش,ح,,,ل,,,
فشخ,ف,ش,خ,,,ك,,,
فشش,ف,ش,ش,ك,,,,,
فشع,ف,ش,ع,,,ل,,,
فشغ,ف,ش,غ,,,ك,ل,,
فشق,ف,ش,ق,ك,,,ل,,
فشل,ف,ش,ل,م,,,ل,,
فشو,ف,ش,و,ل,,,,,
فصح,ف,ص,ح,,,م,,ل,
فصخ,ف,ص,خ,,,ك,,,
فصد,ف,ص,د,,ك,,,,
فصص,ف,ص,ص,,ك,,,,
فصع,ف,ص,ع,,,ك,,,
فصل,ف,ص,ل,ل,ك,,,,
فصم,ف,ص,م,,م,,,,
فصي,ف,ص,ي,,م,,,,
فضح,ف,ض,ح,,,م,ل,,
فضخ,ف,ض,خ,,,ك,,,
فضض,ف,ض,ض,ك,,,,,
فضع,ف,ض,ع,,,ل,,,
فضغ,ف,ض,غ,,,م,,,
فضل,ف,ض,ل,ك,,,ل,ل,
فضو,ف,ض,و,ك,,,,,
فطأ,ف,ط,أ,,,ك,ل,,
فطح,ف,ط,ح,,,ك,ل,,
فطر,ف,ط,ر,ك,ك,,,,
فطس,ف,ط,س,,ك,,ل,,
فطم,ف,ط,م,,م,,,,
فطن,ف,ط,ن,ل,,,ل,ل,
فطه,ف,ط,ه,,,,ل,,
فطو,ف,ط,و,م,,,,,
فظظ,ف,ظ,ظ,م,,,ل,,
فظع,ف,ظ,ع,,,,ك,ل,
فعر,ف,ع,ر,,,ل,,,
فعل,ف,ع,ل,,,ك,,,
فعم,ف,ع,م,,,م,ل,ل,
فغر,ف,غ,ر,ك,,ك,,,
فغغ,ف,غ,غ,ك,,,,,
فغم,ف,غ,م,,,ك,ل,,
فغو,ف,غ,و,ك,,,,,
فغي,ف,غ,ي,,,,ل,,
فقأ,ف,ق,أ,,,ك,,,
فقح,ف,ق,ح,,,ك,,,
فقخ,ف,ق,خ,,,م,,,
فقد,ف,ق,د,,م,,,,
فقر,ف,ق,ر,ك,ك,,ل,ل,
فقس,ف,ق,س,,ك,,,,
فقش,ف,ق,ش,,م,,,,
فقص,ف,ق,ص,,م,,,,
فقع,ف,ق,ع,ك,,ك,ل,,
فقق,ف,ق,ق,م,ل,,,,
فقم,ف,ق,م,ك,,,ل,ل,
فقه,ف,ق,ه,,,,ك,ل,
فقو,ف,ق,و,م,,,,,
فكر,ف,ك,ر,ل,ل,,,,
فكع,ف,ك,ع,,,ل,ل,,
فكك,ف,ك,ك,ك,,,ل,ل,
فكن,ف,ك,ن,ل,,,,,
فكه,ف,ك,ه,,,,ل,,
فلأ,ف,ل,أ,,,م,,,
فلت,ف,ل,ت,,ل,,,,
فلج,ف,ل,ج,ك,م,,ل,,
فلح,ف,ل,ح,,,ك,ل,,
فلخ,ف,ل,خ,,,م,,,
فلذ,ف,ل,ذ,,ك,,,,
فلس,ف,ل,س,,,,ل,,
فلط,ف,ل,ط,ل,,,,,
فلع,ف,ل,ع,,,م,,,
فلغ,ف,ل,غ,,,م,,,
فلق,ف,ل,ق,,ك,,,,
فلك,ف,ل,ك,ل,,,ل,,
فلل,ف,ل,ل,م,ل,,ل,,
فلو,ف,ل,و,ك,,,,,
فلي,ف,ل,ي,,ك,,ل,,
فنح,ف,ن,ح,,,ل,,,
فنخ,ف,ن,خ,,,م,,,
فند,ف,ن,د,,,,ل,,
فنس,ف,ن,س,,ل,,,,
فنع,ف,ن,ع,,,,ل,,
فنق,ف,ن,ق,,ل,,,,
فنك,ف,ن,ك,ل,,,ل,,
فنن,ف,ن,ن,ك,,,,,
فني,ف,ن,ي,,,,ل,,
فهد,ف,ه,د,,,ل,ل,,
فهر,ف,ه,ر,,,ل,,,
فهق,ف,ه,ق,,,م,ل,,
فهم,ف,ه,م,,,,ك,,
فهه,ف,ه,ه,,,,ك,,
فهو,ف,ه,و,ل,,,,,
فوت,ف,و,ت,ك,,,,,
فوج,ف,و,ج,ل,,,,,
فوح,ف,و,ح,ل,,,,,
فوخ,ف,و,خ,ل,,,,,
فود,ف,و,د,ك,,,,,
فور,ف,و,ر,ك,,,,,
فوز,ف,و,ز,ل,,,,,
فوظ,ف,و,ظ,ك,,,,,
فوع,ف,و,ع,ل,,,,,
فوغ,ف,و,غ,ل,,,,,
فوف,ف,و,ف,ل,,,,,
فوق,ف,و,ق,ك,,,ل,,
فوه,ف,و,ه,ل,,,ل,,
فيأ,ف,ي,أ,,ك,,,,
فيج,ف,ي,ج,,ل,,,,
فيح,ف,ي,ح,,ل,,ل,,
فيخ,ف,ي,خ,,ل,,,,
فيد,ف,ي,د,,ك,,,,
فيش,ف,ي,ش,,ك,,,,
فيص,ف,ي,ص,,ل,,,,
فيض,ف,ي,ض,,ل,,,,
فيظ,ف,ي,ظ,,ك,,,,
فيق,ف,ي,ق,,ل,,,,
فيل,ف,ي,ل,,ل,,,,
فين,ف,ي,ن,,ل,,,,
قأب,ق,أ,ب,,,م,ك,,
قأم,ق,أ,م,,,,ل,,
قأي,ق,أ,ي,,,ل,,,
قبب,ق,ب,ب,ك,ك,,ل,,
قبث,ق,ب,ث,,ل,,,,
قبح,ق,ب,ح,,,م,,ل,
قبر,ق,ب,ر,م,م,,,,
قبس,ق,ب,س,,م,,ل,ل,
قبص,ق,ب,ص,,ك,,ل,,
قبض,ق,ب,ض,,ك,,,,
قبط,ق,ب,ط,,م,,,,
قبع,ق,ب,ع,,,ك,,,
قبل,ق,ب,ل,ك,ل,,ك,ل,
قبن,ق,ب,ن,,ل,,,,
قبو,ق,ب,و,ك,,,,,
قتب,ق,ت,ب,م,,,,,
قتت,ق,ت,ت,ك,,,,,
قتد,ق,ت,د,,,,ل,,
قتر,ق,ت,ر,ك,ك,,ل,,
قتع,ق,ت,ع,,,ل,,,
قتل,ق,ت,ل,ك,,,,,
قتم,ق,ت,م,ل,,,ل,,
قتن,ق,ت,ن,ل,,,,ل,
قتو,ق,ت,و,م,,,,,
قثث,ق,ث,ث,م,,,,,
قثم,ق,ث,م,ك,ك,,ل,ل,
قثو,ق,ث,و,ك,,,,,
قثي,ق,ث,ي,,ك,,,,
قحب,ق,ح,ب,ل,,,,,
قحث,ق,ح,ث,,,م,,,
قحح,ق,ح,ح,ل,,,,,
قحد,ق,ح,د,,,ل,,,
قحر,ق,ح,ر,,,ل,,,
قحز,ق,ح,ز,,,ك,,,
قحص,ق,ح,ص,,,ك,,,
قحط,ق,ح,ط,,,ك,ل,,
قحف,ق,ح,ف,,,ك,,,
قحل,ق,ح,ل,,,ل,ل,,
قحم,ق,ح,م,ك,,ك,,,
قحو,ق,ح,و,م,,,,,
قخر,ق,خ,ر,,,ك,,,
قخو,ق,خ,و,ل,,,,,
قدح,ق,د,ح,,,ك,,,
قدد,ق,د,د,م,,,,,
قدر,ق,د,ر,ك,ك,,ل,,
قدس,ق,د,س,,,,,ل,
قدع,ق,د,ع,,,ك,ل,,
قدف,ق,د,ف,ك,,,,,
قدم,ق,د,م,ك,,,ك,ل,
قدو,ق,د,و,ل,,,ل,ل,
قدي,ق,د,ي,,ل,,,,
قذذ,ق,ذ,ذ,ك,,,,,
قذر,ق,ذ,ر,ك,,,ك,ل,
قذع,ق,ذ,ع,,,م,,,
قذف,ق,ذ,ف,,ك,,,,
قذل,ق,ذ,ل,ك,,,,,
قذم,ق,ذ,م,,ل,,ل,,
قذي,ق,ذ,ي,,ك,,ل,,
قرأ,ق,ر,أ,,,ك,,,
قرب,ق,ر,ب,ك,,,ك,ل,
قرت,ق,ر,ت,ل,,,ل,,
قرث,ق,ر,ث,م,,,ل,,
قرح,ق,ر,ح,,,ك,ل,,
قرد,ق,ر,د,,ك,,ل,,
قرر,ق,ر,ر,ك,ل,,ك,,
قرس,ق,ر,س,,ك,,ل,,
قرش,ق,ر,ش,ك,ك,,ك,,
قرص,ق,ر,ص,ك,,,ل,,
قرض,ق,ر,ض,,ك,,ل,,
قرط,ق,ر,ط,م,,,ل,,
قرظ,ق,ر,ظ,,ك,,ل,,
قرع,ق,ر,ع,,,ك,ل,,
قرف,ق,ر,ف,,ك,,ك,,
قرق,ق,ر,ق,,ل,,ل,,
قرم,ق,ر,م,ك,ل,,ل,,
قرن,ق,ر,ن,ك,ك,,ل,,
قره,ق,ر,ه,,,,ل,,
قرو,ق,ر,و,ك,,,,,
قري,ق,ر,ي,,ك,,ل,,
قزب,ق,ز,ب,,,,ل,,
قزح,ق,ز,ح,,,ك,ل,,
قزز,ق,ز,ز,ك,ك,,,,
قزع,ق,ز,ع,,,ل,ل,,
قزل,ق,ز,ل,,ل,,ل,,
قزم,ق,ز,م,م,,,ل,,
قزو,ق,ز,و,ك,,,,,
قسب,ق,س,ب,,ل,,,ل,
قسح,ق,س,ح,,,ك,,,
قسر,ق,س,ر,,م,,,,
قسس,ق,س,س,ك,,,,,
قسط,ق,س,ط,,ل,,ل,,
قسم,ق,س,م,,ك,,,ل,
قسو,ق,س,و,ل,,,,,
قشب,ق,ش,ب,,ك,,م,ل,
قشد,ق,ش,د,,م,,,,
قشر,ق,ش,ر,م,م,,ل,,
قشش,ق,ش,ش,ك,ك,,,,
قشط,ق,ش,ط,,م,,,,
قشع,ق,ش,ع,,,ك,ل,,
قشف,ق,ش,ف,,,,ل,ل,
قشم,ق,ش,م,,ك,,,,
قشو,ق,ش,و,م,,,,,
قصب,ق,ص,ب,,م,,,,
قصد,ق,ص,د,,ك,,,ل,
قصر,ق,ص,ر,ك,ك,,ل,ل,
قصص,ق,ص,ص,ك,,,,,
قصع,ق,ص,ع,,,ك,ل,ل,
قصف,ق,ص,ف,,ك,,ل,,
قصل,ق,ص,ل,,ك,,,,
قصم,ق,ص,م,,ك,,ل,,
قصو,ق,ص,و,ك,,,ل,,
قضأ,ق,ض,أ,,,,ك,,
قضب,ق,ض,ب,,م,,,,
قضض,ق,ض,ض,ك,ل,,ل,,
قضع,ق,ض,ع,,,م,,,
قضف,ق,ض,ف,,,,,ل,
قضم,ق,ض,م,,ك,,ك,,
قضي,ق,ض,ي,,ك,,,,
قطب,ق,ط,ب,,ك,,,,
قطر,ق,ط,ر,ك,,,,,
قطط,ق,ط,ط,ك,ل,,ل,,
قطع,ق,ط,ع,,,ك,ل,ل,
قطف,ق,ط,ف,ك,ك,,,ل,
قطل,ق,ط,ل,م,م,,,,
قطم,ق,ط,م,,ك,,ل,,
قطن,ق,ط,ن,ك,,,ل,,
قطو,ق,ط,و,ل,,,,,
قعث,ق,ع,ث,,,ك,,,
قعد,ق,ع,د,ل,,,ل,,
قعر,ق,ع,ر,,,ك,,ل,
قعز,ق,ع,ز,,,م,,,
قعس,ق,ع,س,,,ك,ل,,
قعش,ق,ع,ش,,,ك,,,
قعص,ق,ع,ص,,,م,ل,,
قعط,ق,ع,ط,,,ك,ل,,
قعع,ق,ع,ع,م,,,,,
قعف,ق,ع,ف,,,ك,ل,,
قعم,ق,ع,م,ل,,,ل,,
قعن,ق,ع,ن,,,,ل,,
قعو,ق,ع,و,ك,,,ل,,
قفأ,ق,ف,أ,,,,ل,,
قفح,ق,ف,ح,,,ك,,,
قفخ,ق,ف,خ,,,م,,,
قفد,ق,ف,د,,ك,,ل,,
قفر,ق,ف,ر,م,,,ل,,
قفز,ق,ف,ز,,ل,,ل,,
قفس,ق,ف,س,,ك,,ل,ل,
قفش,ق,ف,ش,,ك,,,,
قفص,ق,ف,ص,,ك,,ل,,
قفط,ق,ف,ط,ك,ك,,,,
قفع,ق,ف,ع,,,م,ل,,
قفف,ق,ف,ف,,ل,,,,
قفل,ق,ف,ل,ك,ك,,ك,,
قفن,ق,ف,ن,,ك,,,,
قفو,ق,ف,و,ك,,,,,
قفي,ق,ف,ي,,ك,,,,
قلب,ق,ل,ب,م,ك,,ل,,
قلت,ق,ل,ت,,,,ل,,
قلح,ق,ل,ح,,,,ل,,
قلخ,ق,ل,خ,,,ك,,,
قلد,ق,ل,د,,ك,,,,
قلز,ق,ل,ز,ك,ك,,,,
قلس,ق,ل,س,,ك,,,,
قلص,ق,ل,ص,,ك,,ل,,
قلع,ق,ل,ع,,,م,ل,,
قلف,ق,ل,ف,م,ك,,ل,,
قلق,ق,ل,ق,,م,,ل,,
قلل,ق,ل,ل,,ك,,,,
قلم,ق,ل,م,,م,,,,
قلو,ق,ل,و,ك,,,,,
قلي,ق,ل,ي,,م,,م,,
قمأ,ق,م,أ,,,ك,,ل,
قمح,ق,م,ح,,,ل,ك,,
قمد,ق,م,د,ل,,,ل,,
قمر,ق,م,ر,م,ك,,ل,,
قمز,ق,م,ز,,م,,,,
قمس,ق,م,س,ك,ك,,,,
قمش,ق,م,ش,م,م,,,,
قمص,ق,م,ص,ل,ل,,,,
قمط,ق,م,ط,ك,ك,,,,
قمع,ق,م,ع,,,ك,ك,,
قمل,ق,م,ل,,,,ل,,
قمم,ق,م,م,ك,,,,,
قمن,ق,م,ن,,,,ل,ل,
قمه,ق,م,ه,,,ك,ل,,
قمو,ق,م,و,ك,,,,,
قمي,ق,م,ي,,ك,,,,
قنأ,ق,ن,أ,,,ك,ل,,
قنب,ق,ن,ب,,ك,,,,
قنت,ق,ن,ت,ك,,,,ل,
قنح,ق,ن,ح,,,ك,,,
قند,ق,ن,د,م,,,,,
قنص,ق,ن,ص,,م,,,,
قنط,ق,ن,ط,ك,ك,,ل,ل,ل
قنع,ق,ن,ع,,,ك,ك,,
قنف,ق,ن,ف,,,,ل,,
قنم,ق,ن,م,,,,ل,,
قنن,ق,ن,ن,ك,,,,,
قنو,ق,ن,و,ك,,,ك,,
قني,ق,ن,ي,,م,,,,
قهب,ق,ه,ب,,,,ل,,
قهد,ق,ه,د,,,ل,,,
قهر,ق,ه,ر,,,م,,,
قهز,ق,ه,ز,,,ل,,,
قهل,ق,ه,ل,,,ك,ك,,
قهم,ق,ه,م,,,,ل,,
قهه,ق,ه,ه,,ل,,,,
قهي,ق,ه,ي,,,,ك,,
قوب,ق,و,ب,ك,,,,,
قوت,ق,و,ت,ك,,,,,
قوح,ق,و,ح,ك,,,,,
قوخ,ق,و,خ,ل,,,,,
قود,ق,و,د,ك,,,ل,,
قور,ق,و,ر,ك,,,ك,,
قوس,ق,و,س,م,,,ل,,
قوض,ق,و,ض,م,,,,,
قوع,ق,و,ع,ك,,,,,
قوف,ق,و,ف,م,,,,,
قوق,ق,و,ق,ل,,,,,
قول,ق,و,ل,ك,,,,,
قوم,ق,و,م,ك,,,,,
قوي,ق,و,ي,,,,ل,,
قيأ,ق,ي,أ,,ك,,,,
قيح,ق,ي,ح,,ل,,,,
قيد,ق,ي,د,,م,,,,
قيس,ق,ي,س,,ك,,,,
قيص,ق,ي,ص,,ل,,,,
قيض,ق,ي,ض,,ك,,,,
قيظ,ق,ي,ظ,,ل,,,,
قيع,ق,ي,ع,,ل,,,,
قيق,ق,ي,ق,,ل,,,,
قيل,ق,ي,ل,,ك,,,,
قين,ق,ي,ن,,ك,,,,
كأب,ك,أ,ب,,,,ل,,
كأج,ك,أ,ج,,,ل,,,
كأد,ك,أ,د,,,ل,,,
كأش,ك,أ,ش,,,ك,,,
كأص,ك,أ,ص,,,ك,,,
كأل,ك,أ,ل,,,ل,,,
كأي,ك,أ,ي,,,ل,,,
كبب,ك,ب,ب,ك,,,,,
كبت,ك,ب,ت,,م,,,,
كبث,ك,ب,ث,م,,,ل,,
كبح,ك,ب,ح,,,م,,,
كبد,ك,ب,د,م,م,,ل,,
كبر,ك,ب,ر,م,,,ل,ل,
كبس,ك,ب,س,,ك,,ل,,
كبش,ك,ب,ش,,م,,,,
كبع,ك,ب,ع,,,ك,,,
كبل,ك,ب,ل,,م,,,,
كبن,ك,ب,ن,ك,ك,,,,
كبو,ك,ب,و,ك,,,,,
كتب,ك,ت,ب,ك,ك,,,,
كتت,ك,ت,ت,م,ك,,,,
كتح,ك,ت,ح,,,م,,,
كتع,ك,ت,ع,ل,,,,,
كتف,ك,ت,ف,,ك,,ل,,
كتل,ك,ت,ل,م,,,ل,,
كتم,ك,ت,م,ك,,,,,
كتن,ك,ت,ن,,,,ل,,
كته,ك,ت,ه,,,م,,,
كتو,ك,ت,و,ل,,,,,
كثأ,ك,ث,أ,,,ك,,,
كثب,ك,ث,ب,ك,ك,,,,
كثث,ك,ث,ث,,ل,,ل,,
كثج,ك,ث,ج,,ل,,,,
كثح,ك,ث,ح,,,ك,,,
كثر,ك,ث,ر,م,,,,ل,
كثع,ك,ث,ع,,,ل,ل,,
كثف,ك,ث,ف,,,,,ل,
كثم,ك,ث,م,م,,,ل,,
كجج,ك,ج,ج,ل,,,,,
كحب,ك,ح,ب,,,م,,,
كحث,ك,ح,ث,,,ك,,,
كحح,ك,ح,ح,ل,,,,,
كحص,ك,ح,ص,,,ك,,,
كحل,ك,ح,ل,م,,ك,ل,,
كخخ,ك,خ,خ,,ل,,,,
كخم,ك,خ,م,,,م,,,
كدأ,ك,د,أ,,,ك,ل,,
كدج,ك,د,ج,ل,,,,,
كدح,ك,د,ح,,,ك,,,
كدد,ك,د,د,ك,,,,,
كدر,ك,د,ر,ك,,,ل,ل,
كدس,ك,د,س,,ك,,,,
كدش,ك,د,ش,,ك,,,,
كدع,ك,د,ع,,,م,,,
كدم,ك,د,م,ك,ك,,,,
كدن,ك,د,ن,ل,,,ل,,
كده,ك,د,ه,,,ك,,,
كدو,ك,د,و,ك,,,ل,,
كدي,ك,د,ي,,ك,,,,
كذب,ك,ذ,ب,,ك,,,,
كذذ,ك,ذ,ذ,ل,,,,,
كرب,ك,ر,ب,ك,,,ل,,
كرث,ك,ر,ث,م,م,,,,
كرج,ك,ر,ج,,,,ل,,
كرد,ك,ر,د,م,,,,,
كرر,ك,ر,ر,ك,ك,,ك,,
كرز,ك,ر,ز,,ك,,ل,,
كرس,ك,ر,س,,,,ل,,
كرش,ك,ر,ش,,,,ل,,
كرص,ك,ر,ص,,م,,,,
كرض,ك,ر,ض,,ك,,,,
كرظ,ك,ر,ظ,ك,,,,,
كرع,ك,ر,ع,,,ك,ل,,
كرف,ك,ر,ف,ك,ك,,,,
كرم,ك,ر,م,م,,,,ل,
كره,ك,ر,ه,,,,ك,ل,
كرو,ك,ر,و,ك,,,ل,,
كري,ك,ر,ي,,ك,,ل,,
كزب,ك,ز,ب,,,,ل,,
كزز,ك,ز,ز,ك,,,,,
كزم,ك,ز,م,م,ل,,ل,,
كزي,ك,ز,ي,,ل,,,,
كسأ,ك,س,أ,,,م,,,
كسب,ك,س,ب,,ك,,,,
كسح,ك,س,ح,,,ك,ل,,
كسد,ك,س,د,ل,,,,ل,
كسر,ك,س,ر,,ك,,,,
كسس,ك,س,س,م,,,ل,,
كسع,ك,س,ع,,,ك,,,
كسف,ك,س,ف,,ك,,,,
كسل,ك,س,ل,,,,ل,,
كسم,ك,س,م,,ك,,,,
كسو,ك,س,و,م,,,ك,,
كشأ,ك,ش,أ,,,ك,ل,,
كشب,ك,ش,ب,,م,,,,
كشح,ك,ش,ح,,,ك,ل,,
كشد,ك,ش,د,,ك,,,,
كشر,ك,ش,ر,,ل,,ل,,
كشش,ك,ش,ش,,ك,,,,
كشط,ك,ش,ط,,ك,,,,
كشع,ك,ش,ع,,,ل,,,
كشف,ك,ش,ف,,ك,,ل,,
كشم,ك,ش,م,م,,,ل,,
كشو,ك,ش,و,م,,,,,
كصص,ك,ص,ص,,ل,,,,
كصم,ك,ص,م,,ك,,,,
كصي,ك,ص,ي,,ل,,,,
كظب,ك,ظ,ب,ل,,,,,
كظر,ك,ظ,ر,م,,,,,
كظظ,ك,ظ,ظ,ك,,,,,
كظم,ك,ظ,م,,ك,,,ل,
كظو,ك,ظ,و,ل,,,,,
كعب,ك,ع,ب,ل,,م,,,
كعر,ك,ع,ر,,,,ل,,
كعز,ك,ع,ز,,,ل,,,
كعع,ك,ع,ع,,ل,,,,
كعل,ك,ع,ل,,,,,ل,
كعم,ك,ع,م,,,م,,,
كعو,ك,ع,و,ل,,,,,
كفأ,ك,ف,أ,,,ك,,,
كفت,ك,ف,ت,,ك,,,,
كفح,ك,ف,ح,,,م,ل,,
كفخ,ك,ف,خ,,,م,,,
كفر,ك,ف,ر,ك,ك,,,,
كفس,ك,ف,س,,,,ل,,
كفف,ك,ف,ف,ك,,,,,
كفل,ك,ف,ل,ك,ك,,ك,ل,
كفن,ك,ف,ن,,ك,,,,
كفي,ك,ف,ي,,ك,,,,
كلأ,ك,ل,أ,,,ك,ل,,
كلب,ك,ل,ب,م,,,ل,,
كلت,ك,ل,ت,,م,,,,
كلح,ك,ل,ح,,,ل,,,
كلد,ك,ل,د,,م,,,,
كلز,ك,ل,ز,,م,,,,
كلس,ك,ل,س,,م,,ل,,
كلع,ك,ل,ع,,,ل,ل,,
كلف,ك,ل,ف,,,,ك,,
كلل,ك,ل,ل,,ل,,,,
كلم,ك,ل,م,,م,,,,
كلو,ك,ل,و,,,,ل,,
كلي,ك,ل,ي,,م,,,,
كمأ,ك,م,أ,,,م,ل,,
كمت,ك,م,ت,م,,,,ل,
كمح,ك,م,ح,,,م,,,
كمخ,ك,م,خ,,,ك,,,
كمد,ك,م,د,ك,,,ل,,
كمر,ك,م,ر,,,,ل,,
كمز,ك,م,ز,,م,,,,
كمس,ك,م,س,ل,,,,,
كمش,ك,م,ش,ك,,,ل,ل,
كمع,ك,م,ع,,,ك,,,
كمل,ك,م,ل,ل,,,ل,ل,
كمم,ك,م,م,م,ل,,,,
كمن,ك,م,ن,ك,,,ل,,
كمه,ك,م,ه,,,,ل,,
كمي,ك,م,ي,,ك,,,,
كنب,ك,ن,ب,ك,م,,ل,,
كنت,ك,ن,ت,ل,,,ل,,
كند,ك,ن,د,ك,ك,,,,
كنز,ك,ن,ز,م,م,,,,
كنس,ك,ن,س,ك,ك,,,,
كنش,ك,ن,ش,م,,,,,
كنظ,ك,ن,ظ,م,م,,,,
كنع,ك,ن,ع,,,ك,ل,,
كنف,ك,ن,ف,ك,ك,,,,
كنن,ك,ن,ن,م,,,,,
كنه,ك,ن,ه,م,,,,,
كنو,ك,ن,و,ك,,,,,
كني,ك,ن,ي,,ك,,,,
كهب,ك,ه,ب,,,,ل,ل,
كهد,ك,ه,د,,,ك,,,
كهر,ك,ه,ر,,,ك,,,
كهم,ك,ه,م,,,ك,,ل,
كهن,ك,ه,ن,ل,,ل,,ل,
كهه,ك,ه,ه,ل,ل,,,,
كهي,ك,ه,ي,,,,ل,,
كوأ,ك,و,أ,ك,,,,,
كوب,ك,و,ب,ل,,,ل,,
كوح,ك,و,ح,ك,,,,,
كود,ك,و,د,ك,,,ل,,
كور,ك,و,ر,ك,,,,,
كوز,ك,و,ز,ك,,,,,
كوس,ك,و,س,ك,,,,,
كوش,ك,و,ش,ك,,,,,
كوع,ك,و,ع,ل,,,ل,,
كوف,ك,و,ف,م,,,,,
كوم,ك,و,م,م,,,ل,,
كون,ك,و,ن,ك,,,,,
كوه,ك,و,ه,م,,,ل,,
كوي,ك,و,ي,,م,,,,
كيأ,ك,ي,أ,,ك,,,,
كيح,ك,ي,ح,,ل,,ل,,
كيد,ك,ي,د,,ك,,,,
كير,ك,ي,ر,,ل,,,,
كيس,ك,ي,س,,ك,,,,
كيص,ك,ي,ص,,ك,,,,
كيع,ك,ي,ع,,ل,,,,
كيف,ك,ي,ف,,م,,,,
كيل,ك,ي,ل,,ك,,,,
كين,ك,ي,ن,,ل,,,,
كيه,ك,ي,ه,,م,,,,
لأط,ل,أ,ط,,,ك,,,
لأظ,ل,أ,ظ,,,م,,,
لأف,ل,أ,ف,,,م,,,
لأم,ل,أ,م,,,ك,,ل,
لأي,ل,أ,ي,,,ل,,,
لبأ,ل,ب,أ,,,م,,,
لبب,ل,ب,ب,ك,ل,,ل,ل,
لبت,ل,ب,ت,م,,,,,
لبث,ل,ب,ث,,,,ل,,
لبج,ل,ب,ج,,ك,,,,
لبح,ل,ب,ح,,,ل,,,
لبخ,ل,ب,خ,,,ك,,,
لبد,ل,ب,د,ك,م,,ل,,
لبز,ل,ب,ز,,ك,,,,
لبس,ل,ب,س,,ك,,م,,
لبط,ل,ب,ط,,ك,,,,
لبق,ل,ب,ق,م,,,ل,ل,
لبك,ل,ب,ك,ك,,,ل,,
لبن,ل,ب,ن,م,ك,,ل,,
لبي,ل,ب,ي,,,,ل,,
لتأ,ل,ت,أ,,,ك,,,
لتب,ل,ت,ب,ك,,,,,
لتت,ل,ت,ت,ك,,,,,
لتح,ل,ت,ح,,,م,ل,,
لتد,ل,ت,د,,م,,,,
لتز,ل,ت,ز,م,م,,,,
لتم,ل,ت,م,ك,,,,,
لثأ,ل,ث,أ,,,ل,,,
لثث,ل,ث,ث,,ك,,,,
لثد,ل,ث,د,,م,,,,
لثغ,ل,ث,غ,م,,,ل,,
لثق,ل,ث,ق,,,,ل,,
لثم,ل,ث,م,,ك,,ك,,
لثي,ل,ث,ي,,,,ل,,
لجأ,ل,ج,أ,,,ل,ل,,
لجب,ل,ج,ب,,,,ل,ل,
لجج,ل,ج,ج,,ل,,ل,,
لجذ,ل,ج,ذ,ك,,,ك,,
لجف,ل,ج,ف,,ك,,ل,,
لجم,ل,ج,م,م,,,,,
لجن,ل,ج,ن,ك,,,ل,,
لحب,ل,ح,ب,,,ك,ل,,
لحت,ل,ح,ت,,,م,,,
لحج,ل,ح,ج,,,ك,ك,,
لحح,ل,ح,ح,,ل,,ل,,
لحد,ل,ح,د,,,ك,,,
لحز,ل,ح,ز,,,ك,ل,,
لحس,ل,ح,س,,,م,م,,
لحص,ل,ح,ص,,,ك,ل,,
لحط,ل,ح,ط,,,م,,,
لحظ,ل,ح,ظ,,,ك,,,
لحف,ل,ح,ف,,,ك,,,
لحق,ل,ح,ق,,,,ك,,
لحك,ل,ح,ك,,,ك,م,,
لحم,ل,ح,م,م,,م,ك,ل,
لحن,ل,ح,ن,,,ك,ك,,
لحو,ل,ح,و,م,,,,,
لحي,ل,ح,ي,,م,م,,,
لخب,ل,خ,ب,م,,م,,,
لخخ,ل,خ,خ,ك,ل,,ل,,
لخص,ل,خ,ص,,,م,ل,,
لخف,ل,خ,ف,,,م,,,
لخم,ل,خ,م,,,ك,,ل,
لخن,ل,خ,ن,,,,ل,,
لخو,ل,خ,و,م,,,,,
لخي,ل,خ,ي,,م,,ل,,
لدد,ل,د,د,ك,,,ل,,
لدس,ل,د,س,م,,,,,
لدغ,ل,د,غ,,,ك,,,
لدك,ل,د,ك,,,,ل,,
لدم,ل,د,م,,ك,,,,
لدن,ل,د,ن,,,,,ل,
لذج,ل,ذ,ج,م,,,,,
لذذ,ل,ذ,ذ,,,,ك,,
لذع,ل,ذ,ع,,,ك,,,
لذم,ل,ذ,م,,,,ك,,
لذي,ل,ذ,ي,,,,ل,,
لزأ,ل,ز,أ,,,ك,,,
لزب,ل,ز,ب,ك,م,,ل,ل,
لزج,ل,ز,ج,,,,ل,,
لزز,ل,ز,ز,ك,,,,,
لزق,ل,ز,ق,,,,ل,,
لزم,ل,ز,م,,,,ك,,
لزن,ل,ز,ن,ل,,,ل,,
لسب,ل,س,ب,,م,,ك,,
لسد,ل,س,د,,م,,م,,
لسس,ل,س,س,ك,,,,,
لسع,ل,س,ع,,,ك,,,
لسم,ل,س,م,م,,,ك,,
لسن,ل,س,ن,ك,,,ل,,
لشو,ل,ش,و,ل,,,,,
لصب,ل,ص,ب,,,,ل,,
لصص,ل,ص,ص,ك,,,ل,,
لصغ,ل,ص,غ,,,ل,,,
لصف,ل,ص,ف,ك,ل,,ل,,
لصق,ل,ص,ق,,,,ل,,
لصو,ل,ص,و,ك,,,,,
لصي,ل,ص,ي,,ك,,ل,,
لضم,ل,ض,م,,م,,,,
لضو,ل,ض,و,ل,,,,,
لطأ,ل,ط,أ,,,ك,ل,,
لطث,ل,ط,ث,ك,,,,,
لطح,ل,ط,ح,,,ك,,,
لطخ,ل,ط,خ,,,م,,,
لطس,ل,ط,س,ك,,,,,
لطط,ل,ط,ط,ك,ل,,,,
لطع,ل,ط,ع,,,ك,ك,,
لطف,ل,ط,ف,ل,,,,ل,
لطم,ل,ط,م,,م,,,,
لطه,ل,ط,ه,,,م,,,
لطو,ل,ط,و,ل,,,,,
لطي,ل,ط,ي,,,ل,م,,
لظظ,ل,ظ,ظ,ك,,,,,
لظي,ل,ظ,ي,,,,ل,,
لعب,ل,ع,ب,,,ل,ل,,
لعث,ل,ع,ث,,,,ل,,
لعج,ل,ع,ج,,,ك,,,
لعز,ل,ع,ز,,,م,,,
لعس,ل,ع,س,,,م,ل,,
لعص,ل,ع,ص,,,,ل,,
لعض,ل,ع,ض,,,م,,,
لعط,ل,ع,ط,,,ك,,,
لعق,ل,ع,ق,,,,ك,,
لعن,ل,ع,ن,,,م,,,
لغب,ل,غ,ب,ل,,ك,ل,,
لغد,ل,غ,د,,,م,,,
لغز,ل,غ,ز,م,,,,,
لغط,ل,غ,ط,,,ل,,,
لغف,ل,غ,ف,,,ك,م,,
لغم,ل,غ,م,,,ك,ل,,
لغو,ل,غ,و,ك,,,ل,,
لفأ,ل,ف,أ,,,م,ل,,
لفت,ل,ف,ت,,ك,,ل,,
لفح,ل,ف,ح,,,ك,,,
لفخ,ل,ف,خ,,,ك,,,
لفظ,ل,ف,ظ,,ك,,,,
لفع,ل,ف,ع,,,م,,,
لفف,ل,ف,ف,ك,,,ل,,
لفق,ل,ف,ق,,ك,,ك,,
لفم,ل,ف,م,,ك,,,,
لفو,ل,ف,و,م,,,,,
لقث,ل,ق,ث,ك,,,م,,
لقح,ل,ق,ح,,,,ل,,
لقز,ل,ق,ز,م,,,,,
لقس,ل,ق,س,م,م,,ل,,
لقص,ل,ق,ص,,م,,ل,,
لقط,ل,ق,ط,ك,,,,,
لقع,ل,ق,ع,,,ك,,,
لقف,ل,ق,ف,,,,ك,,
لقق,ل,ق,ق,م,,,,,
لقم,ل,ق,م,م,,,م,,
لقن,ل,ق,ن,,,,ك,,
لقو,ل,ق,و,ك,,,,,
لقي,ل,ق,ي,,,,م,,
لكأ,ل,ك,أ,,,ك,ل,,
لكث,ل,ك,ث,م,,,ل,,
لكح,ل,ك,ح,,,م,,,
لكد,ل,ك,د,م,,,ل,,
لكز,ل,ك,ز,م,,,,,
لكش,ل,ك,ش,م,,,,,
لكع,ل,ك,ع,,,ك,ل,ل,
لكك,ل,ك,ك,ك,,,,,
لكم,ل,ك,م,م,,,,,
لكن,ل,ك,ن,,,,ل,,
لكي,ل,ك,ي,,,,ل,,
لمأ,ل,م,أ,,,ك,,,
لمج,ل,م,ج,ك,,,,,
لمح,ل,م,ح,,,ك,,,
لمخ,ل,م,خ,,,م,,,
لمز,ل,م,ز,ك,ك,,,,
لمس,ل,م,س,م,م,,,,
لمص,ل,م,ص,,م,,,,
لمط,ل,م,ط,ك,,,,,
لمظ,ل,م,ظ,ك,,,,,
لمع,ل,م,ع,,,ك,,,
لمق,ل,م,ق,م,,,,,
لمك,ل,م,ك,م,,,,,
لمم,ل,م,م,ك,,,,,
لمو,ل,م,و,ك,,,,,
لمي,ل,م,ي,,ل,,ل,,
لهب,ل,ه,ب,,,,ل,,
لهث,ل,ه,ث,,,ل,ل,,
لهج,ل,ه,ج,,,,ك,,
لهد,ل,ه,د,,,م,,,
لهز,ل,ه,ز,,,ك,,,
لهس,ل,ه,س,,,ك,,,
لهط,ل,ه,ط,,,ك,,,
لهع,ل,ه,ع,,,,ل,,
لهف,ل,ه,ف,,,,ل,,
لهق,ل,ه,ق,,,ل,ل,,
لهم,ل,ه,م,,,,م,,
لهه,ل,ه,ه,م,,,,,
لهو,ل,ه,و,ل,,,ل,,
لوب,ل,و,ب,ل,,,,,
لوت,ل,و,ت,ك,,,,,
لوث,ل,و,ث,ك,,,,,
لوج,ل,و,ج,م,,,,,
لوح,ل,و,ح,ك,,,,,
لوخ,ل,و,خ,م,,,,,
لود,ل,و,د,,,,ل,,
لوذ,ل,و,ذ,ل,,,,,
لوز,ل,و,ز,ك,,,,,
لوس,ل,و,س,ك,,,,,
لوص,ل,و,ص,ك,,,,,
لوط,ل,و,ط,ك,,,,,
لوظ,ل,و,ظ,م,,,,,
لوع,ل,و,ع,ك,,,,,
لوغ,ل,و,غ,م,,,,,
لوف,ل,و,ف,ك,,,,,
لوق,ل,و,ق,ك,,,ل,,
لوك,ل,و,ك,م,,,,,
لوم,ل,و,م,م,,,,,
لوه,ل,و,ه,ك,,,,,
لوي,ل,و,ي,,ك,,ك,,
ليت,ل,ي,ت,,ك,,,,
ليز,ل,ي,ز,,ل,,,,
ليس,ل,ي,س,,,,ل,,
ليص,ل,ي,ص,,ك,,,,
ليط,ل,ي,ط,,ك,,,,
ليع,ل,ي,ع,,ك,,,,
ليغ,ل,ي,غ,,م,,,,
ليف,ل,ي,ف,,م,,,,
ليق,ل,ي,ق,,ك,,,,
لين,ل,ي,ن,,ل,,,,
ليه,ل,ي,ه,,ل,,,,
مأج,م,أ,ج,,,ل,,ل,
مأد,م,أ,د,,,ل,,,
مأر,م,أ,ر,,,ك,ل,,
مأس,م,أ,س,,,ك,ل,,
مأش,م,أ,ش,,,م,,,
مأق,م,أ,ق,,,,ل,,
مأل,م,أ,ل,,,ك,ل,ل,
مأن,م,أ,ن,,,ك,,,
مأو,م,أ,و,ك,,,,,
مأي,م,أ,ي,,,ك,,,
متت,م,ت,ت,ك,,,,,
متح,م,ت,ح,,,ك,,,
متخ,م,ت,خ,ك,,ك,,,
متد,م,ت,د,ل,,,,,
متر,م,ت,ر,ك,,,,,
متش,م,ت,ش,,م,,ل,,
متع,م,ت,ع,,,ك,,ل,
متك,م,ت,ك,م,,,,,
متل,م,ت,ل,م,,,,,
متن,م,ت,ن,ك,,,,ل,
مته,م,ت,ه,,,ك,ل,,
متو,م,ت,و,ك,,,,,
متي,م,ت,ي,,م,,,,
مثث,م,ث,ث,ك,,,,,
مثج,م,ث,ج,ك,,,,,
مثد,م,ث,د,ك,,,,,
مثع,م,ث,ع,ل,,ل,ل,,
مثل,م,ث,ل,ك,ل,,,ل,
مثن,م,ث,ن,م,م,,ل,,
مجج,م,ج,ج,ك,,,ل,,
مجح,م,ج,ح,,,ك,ك,,
مجد,م,ج,د,ك,,,,ل,
مجر,م,ج,ر,,,,ل,,
مجع,م,ج,ع,ل,,ل,ل,ل,
مجل,م,ج,ل,ل,,,ل,,
مجن,م,ج,ن,ل,,,,,
محت,م,ح,ت,,,م,,ل,
محج,م,ح,ج,,,ك,,,
محح,م,ح,ح,ل,ل,,ل,,
محز,م,ح,ز,,,م,,,
محش,م,ح,ش,,,ك,,,
محص,م,ح,ص,,,ك,,,
محض,م,ح,ض,,,م,ل,ل,
محط,م,ح,ط,,,م,,,
محق,م,ح,ق,,,م,,,
محك,م,ح,ك,,,ل,ل,,
محل,م,ح,ل,,,ل,ل,ل,
محن,م,ح,ن,,,م,,,
محو,م,ح,و,م,,,,,
محي,م,ح,ي,,ك,ك,,,
مخج,م,خ,ج,,,ك,,,
مخر,م,خ,ر,ك,,ك,,,
مخض,م,خ,ض,ك,ك,ك,ل,,
مخط,م,خ,ط,ك,,ك,,,
مخق,م,خ,ق,,,,ل,,
مخن,م,خ,ن,ك,,,,,
مدح,م,د,ح,,,م,,,
مدخ,م,د,خ,,,ك,,,
مدد,م,د,د,ك,,,,,
مدر,م,د,ر,م,,,ل,,
مدس,م,د,س,م,,,,,
مدش,م,د,ش,ك,,,ل,,
مدق,م,د,ق,م,,,,,
مدن,م,د,ن,ك,,,,,
مده,م,د,ه,,,م,,,
مذح,م,ذ,ح,,,,ك,,
مذر,م,ذ,ر,,,,ل,,
مذع,م,ذ,ع,,,ك,,,
مذق,م,ذ,ق,ك,,,,,
مذل,م,ذ,ل,ل,,,ل,ل,
مذي,م,ذ,ي,,ك,,,,
مرأ,م,ر,أ,,,ك,ك,ل,
مرت,م,ر,ت,,م,,,,
مرث,م,ر,ث,م,م,,ل,,
مرج,م,ر,ج,ك,,,ل,,
مرح,م,ر,ح,,,,ل,,
مرخ,م,ر,خ,م,,ك,ل,,
مرد,م,ر,د,ك,,,ل,ل,
مرذ,م,ر,ذ,م,,,,,
مرر,م,ر,ر,ك,,,ل,,
مرز,م,ر,ز,م,,,,,
مرس,م,ر,س,ك,,,ل,,
مرش,م,ر,ش,ك,,,,,
مرص,م,ر,ص,م,,,ل,,
مرض,م,ر,ض,,,,ل,,
مرط,م,ر,ط,ك,,,ل,,
مرع,م,ر,ع,,,ك,ل,ل,
مرغ,م,ر,غ,,,ك,ل,,
مرق,م,ر,ق,ك,ك,,ل,,
مرن,م,ر,ن,ك,,,,,
مره,م,ر,ه,,,,ل,,
مري,م,ر,ي,,ك,,,,
مزج,م,ز,ج,ك,,,,,
مزح,م,ز,ح,,,ل,,,
مزر,م,ز,ر,ك,,,,ل,
مزز,م,ز,ز,ك,,,ل,,
مزع,م,ز,ع,,,ك,,,
مزق,م,ز,ق,ل,ك,,,,
مزن,م,ز,ن,ك,,,,,
مزو,م,ز,و,ك,,,,,
مزي,م,ز,ي,,ك,,,,
مسأ,م,س,أ,,,ك,,,
مسح,م,س,ح,,,ك,ل,,
مسخ,م,س,خ,,,ك,,ل,
مسد,م,س,د,ك,,,,,
مسر,م,س,ر,ك,,,,,
مسس,م,س,س,,,,ك,,
مسط,م,س,ط,م,,,,,
مسك,م,س,ك,ك,ك,,,,
مسل,م,س,ل,ل,,,,,
مسن,م,س,ن,ك,,,,,
مسو,م,س,و,ك,,,,,
مسي,م,س,ي,,ك,,,,
مشج,م,ش,ج,ك,,,,,
مشح,م,ش,ح,,,,ل,,
مشر,م,ش,ر,م,,,ل,,
مشش,م,ش,ش,ك,,,ل,,
مشط,م,ش,ط,ك,م,,ل,,
مشظ,م,ش,ظ,ك,,,ل,,
مشع,م,ش,ع,,,ك,,,
مشغ,م,ش,غ,,,ك,,,
مشق,م,ش,ق,ك,,,ل,,
مشل,م,ش,ل,ك,,,,,
مشن,م,ش,ن,م,,,,,
مشي,م,ش,ي,,ل,,,,
مصت,م,ص,ت,م,,,,,
مصح,م,ص,ح,,,ك,,,
مصخ,م,ص,خ,,,م,,,
مصد,م,ص,د,م,,,,,
مصر,م,ص,ر,ك,,,,,
مصص,م,ص,ص,م,,,ك,,
مصط,م,ص,ط,م,,,,,
مصع,م,ص,ع,,,ك,,,
مصل,م,ص,ل,ك,,,,,
مضح,م,ض,ح,,,ك,,,
مضر,م,ض,ر,ل,,,,,
مضض,م,ض,ض,ك,,,ك,,
مضغ,م,ض,غ,م,,م,,,
مضو,م,ض,و,ك,,,,,
مضي,م,ض,ي,,ك,,,,
مطأ,م,ط,أ,,,م,,,
مطح,م,ط,ح,,,م,,,
مطخ,م,ط,خ,,,ك,,,
مطر,م,ط,ر,ك,,,,,
مطس,م,ط,س,,م,,,,
مطط,م,ط,ط,ك,,,,,
مطع,م,ط,ع,,,ك,,,
مطل,م,ط,ل,م,,,,,
مطه,م,ط,ه,,,ل,,,
مطو,م,ط,و,ك,,,,,
مظظ,م,ظ,ظ,م,,,,,
مظع,م,ظ,ع,,,ك,,,
معت,م,ع,ت,,,م,,,
معج,م,ع,ج,,,ك,,,
معد,م,ع,د,,,ك,ل,,
معر,م,ع,ر,,,,ل,,
معز,م,ع,ز,,,م,ل,,
معس,م,ع,س,,,ك,,,
معص,م,ع,ص,,,,ل,,
معض,م,ع,ض,,,,ل,,
معط,م,ع,ط,,,ك,ل,,
معع,م,ع,ع,ل,,,,,
معق,م,ع,ق,,,ك,,ل,
معك,م,ع,ك,,,ك,,ل,
معل,م,ع,ل,,,ك,,,
معن,م,ع,ن,,,ك,ل,ل,
معو,م,ع,و,ل,,,,,
مغث,م,غ,ث,,,م,,,
مغد,م,غ,د,,,ك,ل,,
مغر,م,غ,ر,,,ك,,,
مغس,م,غ,س,,,م,,,
مغص,م,غ,ص,,,,ل,,
مغط,م,غ,ط,ك,,ك,,,
مغل,م,غ,ل,ل,,ل,ل,,
مغو,م,غ,و,ل,,,,,
مغي,م,غ,ي,,,ل,,,
مقت,م,ق,ت,ك,,,,ل,
مقر,م,ق,ر,م,,,ل,,
مقس,م,ق,س,ك,,,ل,,
مقط,م,ق,ط,ك,ك,,,,
مقع,م,ق,ع,,,ك,,,
مقق,م,ق,ق,م,,,ل,,
مقل,م,ق,ل,ك,,,,,
مقه,م,ق,ه,,,,ل,,
مقو,م,ق,و,م,,,,,
مقي,م,ق,ي,,م,,,,
مكت,م,ك,ت,ل,,,,,
مكث,م,ك,ث,ل,,,,ل,
مكد,م,ك,د,ل,,,,,
مكر,م,ك,ر,ك,,,ل,,
مكس,م,ك,س,,ك,,,,
مكك,م,ك,ك,ك,,,,,
مكل,م,ك,ل,ل,,,,,
مكن,م,ك,ن,,,,ل,ل,
مكو,م,ك,و,ل,,,ل,,
ملأ,م,ل,أ,,,ك,ل,ل,
ملث,م,ل,ث,ك,,,,,
ملج,م,ل,ج,ك,,,ك,,
ملح,م,ل,ح,,م,ك,ل,ل,
ملخ,م,ل,خ,,,ك,,ل,
ملد,م,ل,د,م,,,ل,,
ملذ,م,ل,ذ,ك,,,ل,,
ملز,م,ل,ز,ل,,,,,
ملس,م,ل,س,ك,,,ل,ل,
ملش,م,ل,ش,ك,,,,,
ملص,م,ل,ص,ل,,,ل,,
ملط,م,ل,ط,ل,,,ل,ل,
ملع,م,ل,ع,,,ك,,,
ملق,م,ل,ق,ك,ك,,ك,,
ملك,م,ل,ك,,ك,,,,
ملل,م,ل,ل,ك,ل,,ك,,
ملو,م,ل,و,ل,,,,,
منأ,م,ن,أ,,,م,,,
منح,م,ن,ح,,م,م,,,
منع,م,ن,ع,,,م,,ل,
منن,م,ن,ن,ك,,,,,
منو,م,ن,و,م,,,,,
مني,م,ن,ي,,ك,,,,
مهج,م,ه,ج,,,ك,,,
مهد,م,ه,د,,,ك,,,
مهر,م,ه,ر,ك,,ك,,,
مهز,م,ه,ز,,,م,,,
مهق,م,ه,ق,,,,ك,,
مهك,م,ه,ك,,,ك,ل,,
مهل,م,ه,ل,,,ك,,,
مهن,م,ه,ن,ك,,ك,,ل,
مهه,م,ه,ه,,,,ك,,
مهو,م,ه,و,ك,,,,ل,
مهي,م,ه,ي,,ك,,,,
موأ,م,و,أ,ل,,,,,
موت,م,و,ت,ك,,,ل,,
موث,م,و,ث,ك,,,,,
موج,م,و,ج,ل,,,,,
مور,م,و,ر,ك,,,,,
موش,م,و,ش,ك,,,,,
موص,م,و,ص,م,,,,,
موغ,م,و,غ,ل,,,,,
موق,م,و,ق,ك,,,,,
مول,م,و,ل,ك,,,ل,,
مون,م,و,ن,ك,,,,,
موه,م,و,ه,ك,,,ك,,
ميث,م,ي,ث,,ك,,,,
ميج,م,ي,ج,,ل,,,,
ميح,م,ي,ح,,ك,,,,
ميخ,م,ي,خ,,ل,,,,
ميد,م,ي,د,,ك,,,,
مير,م,ي,ر,,ك,,,,
ميز,م,ي,ز,,ك,,,,
ميس,م,ي,س,,ك,,,,
ميش,م,ي,ش,,ك,,,,
ميط,م,ي,ط,,ك,,,,
ميع,م,ي,ع,,ل,,,,
ميل,م,ي,ل,,ك,,ل,,
مين,م,ي,ن,,ك,,,,
ميه,م,ي,ه,,ك,,,,
نأت,ن,أ,ت,,,ك,,,
نأث,ن,أ,ث,,,ل,,,
نأج,ن,أ,ج,,,ك,,,
نأد,ن,أ,د,,,ك,,,
نأر,ن,أ,ر,,,ل,,,
نأش,ن,أ,ش,,,ك,,,
نأف,ن,أ,ف,,,ل,ك,,
نأل,ن,أ,ل,,,ك,,,
نأم,ن,أ,م,,ل,ل,,,
نأي,ن,أ,ي,,,ك,,,
نبأ,ن,ب,أ,,,ل,,,
نبب,ن,ب,ب,,ل,,,,
نبت,ن,ب,ت,ل,,,,,
نبث,ن,ب,ث,ك,,,,,
نبج,ن,ب,ج,ك,,,,,
نبح,ن,ب,ح,,ك,ك,,,
نبخ,ن,ب,خ,ل,,,,,
نبذ,ن,ب,ذ,,ك,,,,
نبر,ن,ب,ر,,ك,,,,
نبز,ن,ب,ز,,م,,,,
نبس,ن,ب,س,,ك,,,,
نبش,ن,ب,ش,ك,,,,,
نبص,ن,ب,ص,,ك,,,,
نبض,ن,ب,ض,,ك,,,,
نبط,ن,ب,ط,ك,ك,,,,
نبع,ن,ب,ع,ل,ل,ل,,,
نبغ,ن,ب,غ,ل,ل,ل,,,
نبق,ن,ب,ق,ك,,,,,
نبك,ن,ب,ك,ل,,,,,
نبل,ن,ب,ل,ك,,,,ل,
نبه,ن,ب,ه,ل,,,ل,ل,
نبو,ن,ب,و,ل,,,,,
نتأ,ن,ت,أ,,,ل,,,
نتت,ن,ت,ت,,ك,,,,
نتج,ن,ت,ج,,ك,,,,
نتح,ن,ت,ح,,ك,,,,
نتخ,ن,ت,خ,,ك,,,,
نتر,ن,ت,ر,ك,,,ل,,
نتس,ن,ت,س,,م,,,,
نتش,ن,ت,ش,,ك,,,,
نتض,ن,ت,ض,ل,,,,,
نتع,ن,ت,ع,ل,ل,,,,
نتغ,ن,ت,غ,ك,ك,,,,
نتف,ن,ت,ف,,ك,,,,
نتق,ن,ت,ق,ك,ك,,,,
نتك,ن,ت,ك,,ك,,,,
نتل,ن,ت,ل,ك,ل,,,,
نتن,ن,ت,ن,,ل,,ل,ل,
نتو,ن,ت,و,ل,,,,,
نثث,ن,ث,ث,ك,ك,,,,
نثج,ن,ث,ج,,ك,,,,
نثر,ن,ث,ر,ك,ك,,,,
نثط,ن,ث,ط,ك,,,,,
نثل,ن,ث,ل,ل,م,,,,
نثم,ن,ث,م,,ل,,,,
نثو,ن,ث,و,ك,,,,,
نثي,ن,ث,ي,,ك,,,,
نجأ,ن,ج,أ,,,م,,,
نجب,ن,ج,ب,ك,م,,,ل,
نجث,ن,ج,ث,ك,,,,,
نجج,ن,ج,ج,,,ك,,,
نجح,ن,ج,ح,,,ل,,,
نجخ,ن,ج,خ,,,ك,,,
نجد,ن,ج,د,ك,ك,,ل,ل,
نجذ,ن,ج,ذ,م,,,,,
نجر,ن,ج,ر,ك,,,ل,,
نجز,ن,ج,ز,ك,,,ل,,
نجس,ن,ج,س,,,,ل,ل,
نجش,ن,ج,ش,ك,,,,,
نجع,ن,ج,ع,,ك,ك,ل,,
نجف,ن,ج,ف,م,,,,,
نجل,ن,ج,ل,ك,,,ل,,
نجم,ن,ج,م,ك,,,,,
نجه,ن,ج,ه,,,ك,,,
نجو,ن,ج,و,ك,,,,,
نحب,ن,ح,ب,ل,ل,ل,,,
نحت,ن,ح,ت,ك,ك,ك,ك,,
نحح,ن,ح,ح,م,ل,,,,
نحر,ن,ح,ر,,,ك,,,
نحز,ن,ح,ز,,,ك,ل,ل,
نحس,ن,ح,س,,,م,ل,ل,
نحص,ن,ح,ص,,,ل,,,
نحض,ن,ح,ض,,ك,ك,,ل,
نحط,ن,ح,ط,,ك,,,,
نحف,ن,ح,ف,,,,ل,ل,
نحل,ن,ح,ل,ك,,ك,ك,ل,
نحم,ن,ح,م,,ل,ل,,,
نحو,ن,ح,و,ك,,ك,,,
نحي,ن,ح,ي,,ك,م,,,
نخب,ن,خ,ب,ك,,م,ل,,
نخج,ن,خ,ج,,ك,ك,,,
نخخ,ن,خ,خ,م,ل,,,,
نخر,ن,خ,ر,ل,ك,م,ل,,
نخز,ن,خ,ز,,,م,,,
نخس,ن,خ,س,ك,,م,,,
نخش,ن,خ,ش,م,,ل,ل,,
نخص,ن,خ,ص,ك,,ل,ل,,
نخط,ن,خ,ط,ل,,,,,
نخع,ن,خ,ع,,,ك,ل,,
نخف,ن,خ,ف,ل,,ل,,,
نخل,ن,خ,ل,م,,,,,
نخم,ن,خ,م,ل,,,ل,,
نخو,ن,خ,و,ك,,,,,
ندأ,ن,د,أ,,,ك,,,
ندب,ن,د,ب,م,,,ل,ل,
ندح,ن,د,ح,,,ك,,,
ندخ,ن,د,خ,,,م,,,
ندد,ن,د,د,,ل,,,,
ندر,ن,د,ر,ك,,,,ل,
ندس,ن,د,س,م,,,ل,,
ندش,ن,د,ش,ك,,,,,
ندص,ن,د,ص,ل,,,ل,,
ندغ,ن,د,غ,,,م,,,
ندف,ن,د,ف,,ك,,,,
ندل,ن,د,ل,ك,,,ل,,
ندم,ن,د,م,,,,ل,,
نده,ن,د,ه,,,ك,,,
ندو,ن,د,و,ك,,,ك,,
نذخ,ن,ذ,خ,,,ل,,,
نذذ,ن,ذ,ذ,,ل,,,,
نذر,ن,ذ,ر,م,م,,ل,,
نذع,ن,ذ,ع,,,ل,,,
نذل,ن,ذ,ل,,,,,ل,
نزأ,ن,ز,أ,,,ك,,,
نزب,ن,ز,ب,,ل,,,,
نزج,ن,ز,ج,ل,,,,,
نزح,ن,ز,ح,,ك,ك,,,
نزر,ن,ز,ر,ك,,,,ل,
نزز,ن,ز,ز,,ل,,,,
نزع,ن,ز,ع,,ك,,ل,,
نزغ,ن,ز,غ,,ك,ك,,,
نزف,ن,ز,ف,م,ك,,ك,,
نزق,ن,ز,ق,ك,ك,,ك,,
نزك,ن,ز,ك,م,,,,,
نزل,ن,ز,ل,,ك,,ل,,
نزه,ن,ز,ه,,,م,ل,ل,
نزو,ن,ز,و,ل,,,,,
نسأ,ن,س,أ,,,ك,,,
نسب,ن,س,ب,ك,ك,,,,
نسج,ن,س,ج,م,ك,,,,
نسح,ن,س,ح,,,ك,ل,,
نسخ,ن,س,خ,,,م,,,
نسر,ن,س,ر,م,ك,,,,
نسس,ن,س,س,ك,ك,,,,
نسع,ن,س,ع,,,ل,,,
نسغ,ن,س,غ,,,ك,,,
نسف,ن,س,ف,م,ك,,,,
نسق,ن,س,ق,ك,,,,,
نسك,ن,س,ك,ك,,,,ل,
نسل,ن,س,ل,ك,ك,,,,
نسم,ن,س,م,,ك,,ل,,
نسو,ن,س,و,ك,,,,,
نسي,ن,س,ي,,م,,ك,,
نشأ,ن,ش,أ,,,ل,,ل,
نشب,ن,ش,ب,,,,ك,,
نشج,ن,ش,ج,,ل,,,,
نشح,ن,ش,ح,,,ك,,,
نشد,ن,ش,د,ك,م,,,,
نشر,ن,ش,ر,ك,م,,ل,,
نشز,ن,ش,ز,ك,ك,,,,
نشش,ن,ش,ش,م,ل,,,,
نشص,ن,ش,ص,ك,ك,,,,
نشط,ن,ش,ط,ك,ك,,ل,,
نشع,ن,ش,ع,,,ك,,,
نشغ,ن,ش,غ,,,ل,,,
نشف,ن,ش,ف,ك,م,,ك,,
نشق,ن,ش,ق,,,,ك,,
نشل,ن,ش,ل,ك,م,,,,
نشم,ن,ش,م,,,,ل,,
نشو,ن,ش,و,,,,ك,,
نصب,ن,ص,ب,ك,ك,,ل,,
نصت,ن,ص,ت,,ل,,,,
نصح,ن,ص,ح,,,ك,,,
نصر,ن,ص,ر,م,,,,,
نصص,ن,ص,ص,ك,ل,,,,
نصع,ن,ص,ع,,,ل,,,
نصف,ن,ص,ف,ك,,,,,
نصل,ن,ص,ل,ك,,,,,
نصو,ن,ص,و,ك,,,,,
نضب,ن,ض,ب,ك,ك,,,,
نضج,ن,ض,ج,,,,ل,,
نضح,ن,ض,ح,,ك,ك,,,
نضخ,ن,ض,خ,,ك,ك,,,
نضد,ن,ض,د,,م,,,,
نضر,ن,ض,ر,ك,,,ل,ل,
نضض,ن,ض,ض,,ك,,,,
نضف,ن,ض,ف,ك,ك,,ك,,
نضل,ن,ض,ل,م,,,ل,,
نضو,ن,ض,و,ك,,,,,
نضي,ن,ض,ي,,م,,,,
نطب,ن,ط,ب,م,,,,,
نطح,ن,ط,ح,,م,م,,,
نطر,ن,ط,ر,م,,,,,
نطس,ن,ط,س,,,,ل,,
نطط,ن,ط,ط,م,ل,,,,
نطع,ن,ط,ع,,,م,,,
نطف,ن,ط,ف,ك,ك,,ل,,
نطق,ن,ط,ق,,ل,,,ل,
نطل,ن,ط,ل,م,,,,,
نطو,ن,ط,و,ك,,,,,
نظر,ن,ظ,ر,ك,,,,,
نظف,ن,ظ,ف,,,,,ل,
نظم,ن,ظ,م,,ك,,,,
نعب,ن,ع,ب,,ل,ل,,,
نعت,ن,ع,ت,,,م,ل,ل,
نعث,ن,ع,ث,,,م,,,
نعج,ن,ع,ج,ل,,,ل,,
نعر,ن,ع,ر,,ل,ك,ل,,
نعس,ن,ع,س,ل,,ل,,,
نعش,ن,ع,ش,,,ك,,,
نعص,ن,ع,ص,,,م,,,
نعض,ن,ع,ض,,,ك,,,
نعظ,ن,ع,ظ,,,ل,,,
نعع,ن,ع,ع,,ل,,,,
نعق,ن,ع,ق,,ل,ل,,,
نعل,ن,ع,ل,,,م,ل,,
نعم,ن,ع,م,ك,ك,,ك,ل,
نعو,ن,ع,و,ل,,,,,
نعي,ن,ع,ي,,,ك,,,
نغب,ن,غ,ب,ك,ك,ك,,,
نغت,ن,غ,ت,,,ك,,,
نغر,ن,غ,ر,,ك,ل,ك,,
نغز,ن,غ,ز,,,ك,,,
نغش,ن,غ,ش,,,ل,,,
نغص,ن,غ,ص,,,ك,ل,,
نغض,ن,غ,ض,ك,ك,,,,
نغف,ن,غ,ف,,,,ل,,
نغق,ن,غ,ق,,ل,ل,,,
نغل,ن,غ,ل,,,,ل,ل,
نغم,ن,غ,م,ل,ل,ل,,,
نغي,ن,غ,ي,,ل,,,,
نفت,ن,ف,ت,,ل,,,,
نفث,ن,ف,ث,ك,ك,,,,
نفج,ن,ف,ج,ك,ك,,,,
نفح,ن,ف,ح,,,ك,,,
نفخ,ن,ف,خ,ك,,,ل,,
نفد,ن,ف,د,,,,ل,,
نفذ,ن,ف,ذ,ك,,,,,
نفر,ن,ف,ر,ك,ك,,,,
نفز,ن,ف,ز,,ل,,,,
نفس,ن,ف,س,م,,,ك,ل,
نفش,ن,ف,ش,ك,ك,,ل,,
نفص,ن,ف,ص,,ك,,,,
نفض,ن,ف,ض,ك,,,,,
نفط,ن,ف,ط,,ل,,ل,,
نفع,ن,ف,ع,,,م,,,
نفغ,ن,ف,غ,,,ل,ل,,
نفف,ن,ف,ف,م,,,,,
نفق,ن,ف,ق,ل,,,,,
نفل,ن,ف,ل,ك,,,,,
نفه,ن,ف,ه,,,ل,ل,,
نفي,ن,ف,ي,,ك,,,,
نقب,ن,ق,ب,ك,,,ل,ل,
نقث,ن,ق,ث,ك,,,,,
نقح,ن,ق,ح,,,م,,,
نقخ,ن,ق,خ,,,م,,,
نقد,ن,ق,د,ك,,,ل,,
نقذ,ن,ق,ذ,ك,,,ل,,
نقر,ن,ق,ر,ك,,,ل,,
نقز,ن,ق,ز,ك,ك,,,,
نقس,ن,ق,س,ك,,,م,,
نقش,ن,ق,ش,ك,,,,,
نقص,ن,ق,ص,ك,,,,ل,
نقض,ن,ق,ض,ك,ل,,,,
نقط,ن,ق,ط,ك,,,,,
نقع,ن,ق,ع,,,ك,,,
نقف,ن,ق,ف,ك,,,,,
نقق,ن,ق,ق,,ل,,,,
نقل,ن,ق,ل,ك,,,ل,,
نقم,ن,ق,م,,ك,,م,,
نقه,ن,ق,ه,,,ك,ك,,
نقو,ن,ق,و,م,,,ل,,
نقي,ن,ق,ي,,م,,م,,
نكأ,ن,ك,أ,,,ك,,,
نكب,ن,ك,ب,ك,,,ل,,
نكت,ن,ك,ت,ك,,,,,
نكث,ن,ك,ث,م,م,,,,
نكح,ن,ك,ح,,ك,ك,,,
نكخ,ن,ك,خ,,,م,,,
نكد,ن,ك,د,ك,,,ل,,
نكر,ن,ك,ر,,,,ك,ل,
نكز,ن,ك,ز,ك,,,ل,,
نكس,ن,ك,س,ك,,,,,
نكش,ن,ك,ش,ك,ك,,,,
نكص,ن,ك,ص,ل,ل,,,,
نكظ,ن,ك,ظ,ك,,,ل,,
نكع,ن,ك,ع,,,ك,ل,,
نكف,ن,ك,ف,ك,,,ل,,
نكل,ن,ك,ل,ك,ك,,ل,,
نكه,ن,ك,ه,,ل,ك,ك,,
نكي,ن,ك,ي,,ك,,ل,,
نمر,ن,م,ر,ل,,,ل,,
نمس,ن,م,س,,ك,,ل,,
نمش,ن,م,ش,ك,,,ل,,
نمص,ن,م,ص,ك,,,ل,,
نمق,ن,م,ق,م,,,,,
نمل,ن,م,ل,ل,,,ل,,
نمم,ن,م,م,ك,ك,,,,
نمه,ن,م,ه,,,,ل,,
نمو,ن,م,و,ك,,,,,
نمي,ن,م,ي,,ك,,,,
نهأ,ن,ه,أ,,,ك,ل,ل,
نهب,ن,ه,ب,ك,,ك,ك,,
نهت,ن,ه,ت,,ل,,,,
نهج,ن,ه,ج,,,ك,ل,ل,
نهد,ن,ه,د,ك,,ك,,ل,
نهر,ن,ه,ر,,,ك,ل,,
نهز,ن,ه,ز,,,ك,,,
نهس,ن,ه,س,,,م,م,,
نهش,ن,ه,ش,,ك,ك,,,
نهض,ن,ه,ض,,,ك,,,
نهط,ن,ه,ط,,,م,,,
نهف,ن,ه,ف,,,ل,,,
نهق,ن,ه,ق,ل,ل,ل,ل,,
نهك,ن,ه,ك,,,ك,م,ل,
نهل,ن,ه,ل,,,,ل,,
نهم,ن,ه,م,,ك,ك,ل,,
نهو,ن,ه,و,,,,,ل,
نهي,ن,ه,ي,,,ك,ل,,
نوأ,ن,و,أ,ك,,,,,
نوب,ن,و,ب,ك,,,,,
نوت,ن,و,ت,ل,,,,,
نوج,ن,و,ج,ل,,,,,
نوح,ن,و,ح,ك,,,,,
نود,ن,و,د,ل,,,,,
نور,ن,و,ر,ك,,,,,
نوس,ن,و,س,ك,,,,,
نوش,ن,و,ش,ك,,,,,
نوص,ن,و,ص,ك,,,,,
نوض,ن,و,ض,ك,,,,,
نوط,ن,و,ط,ك,,,,,
نوع,ن,و,ع,ك,,,,,
نوف,ن,و,ف,ك,,,,,
نوق,ن,و,ق,م,,,ل,,
نوك,ن,و,ك,,,,ل,,
نول,ن,و,ل,ك,,,ل,,
نوم,ن,و,م,,,,ل,,
نوه,ن,و,ه,ك,,,ل,,
نوي,ن,و,ي,,ك,,,,
نيأ,ن,ي,أ,,ل,,,,
نيب,ن,ي,ب,,م,,,,
نيت,ن,ي,ت,,ل,,,,
نيح,ن,ي,ح,,ل,,,,
نير,ن,ي,ر,,م,,,,
نيص,ن,ي,ص,,ل,,,,
نيض,ن,ي,ض,,ل,,,,
نيط,ن,ي,ط,,ل,,,,
نيع,ن,ي,ع,,ل,,,,
نيك,ن,ي,ك,,م,,,,
نيل,ن,ي,ل,,ك,,ك,,
نيه,ن,ي,ه,,,,ل,,
هبب,ه,ب,ب,ك,ك,,,,
هبت,ه,ب,ت,,ك,,,,
هبث,ه,ب,ث,م,,,,,
هبج,ه,ب,ج,,م,,ل,,
هبد,ه,ب,د,,م,,,,
هبذ,ه,ب,ذ,,ل,,,,
هبر,ه,ب,ر,م,,,ل,,
هبز,ه,ب,ز,,ل,,,,
هبش,ه,ب,ش,,ك,,ل,,
هبص,ه,ب,ص,,ل,,ل,,
هبط,ه,ب,ط,ك,ك,,,,
هبع,ه,ب,ع,,ل,ل,,,
هبغ,ه,ب,غ,,,ل,,,
هبل,ه,ب,ل,,,,ك,ل,
هبو,ه,ب,و,ل,,,,,
هتأ,ه,ت,أ,,,م,ل,,
هتت,ه,ت,ت,ل,م,,,,
هتر,ه,ت,ر,,ك,,,,
هتش,ه,ت,ش,,م,,,,
هتع,ه,ت,ع,,,ل,,,
هتف,ه,ت,ف,,ك,,,,
هتك,ه,ت,ك,,م,,,,
هتل,ه,ت,ل,,ل,,,,
هتم,ه,ت,م,,م,,ل,,
هتن,ه,ت,ن,,ل,,,,
هتو,ه,ت,و,م,,,,,
هثث,ه,ث,ث,ك,,,,,
هثم,ه,ث,م,,ك,,,,
هثي,ه,ث,ي,,ك,,,,
هجأ,ه,ج,أ,,,ك,ل,,
هجب,ه,ج,ب,,ك,,,,
هجج,ه,ج,ج,ك,ل,,,,
هجد,ه,ج,د,ل,,,,,
هجر,ه,ج,ر,ك,,,,,
هجس,ه,ج,س,,ك,,,,
هجش,ه,ج,ش,ك,,,,,
هجع,ه,ج,ع,,,ك,,,
هجف,ه,ج,ف,ل,ل,,ل,,
هجل,ه,ج,ل,ل,,,,,
هجم,ه,ج,م,ك,ك,,,,
هجن,ه,ج,ن,ل,ل,,,ل,
هجو,ه,ج,و,م,,,,ل,
هجي,ه,ج,ي,,,,ل,,
هدأ,ه,د,أ,,,ل,ل,,
هدب,ه,د,ب,,م,,ل,,
هدج,ه,د,ج,,ل,,,,
هدد,ه,د,د,ك,ك,,ك,,
هدر,ه,د,ر,ك,ك,,,,
هدغ,ه,د,غ,,,م,,,
هدف,ه,د,ف,ل,ك,,,,
هدك,ه,د,ك,,ك,,,,
هدل,ه,د,ل,,ك,,ل,,
هدم,ه,د,م,,م,,ل,,
هدن,ه,د,ن,,ك,,,,
هدي,ه,د,ي,,ك,,,,
هذأ,ه,ذ,أ,,,ك,ل,,
هذب,ه,ذ,ب,,ك,,,,
هذذ,ه,ذ,ذ,ك,,,,,
هذر,ه,ذ,ر,ل,ل,,ل,,
هذف,ه,ذ,ف,,ل,,,,
هذم,ه,ذ,م,,ك,,,,
هذو,ه,ذ,و,ك,,,,,
هذي,ه,ذ,ي,,ل,,,,
هرأ,ه,ر,أ,,,ك,ل,,
هرب,ه,ر,ب,ل,,,ل,,
هرت,ه,ر,ت,م,م,,ل,,
هرج,ه,ر,ج,ك,ك,,ل,,
هرد,ه,ر,د,,ك,,ل,,
هرر,ه,ر,ر,ك,ك,,ل,,
هرز,ه,ر,ز,,,,ل,,
هرس,ه,ر,س,ك,,,ل,,
هرش,ه,ر,ش,ل,ل,,ل,,
هرص,ه,ر,ص,,,,ل,,
هرض,ه,ر,ض,م,,,,,
هرط,ه,ر,ط,,ك,,ل,,
هرع,ه,ر,ع,,,,ل,,
هرف,ه,ر,ف,,ك,,,,
هرق,ه,ر,ق,,,م,,,
هرم,ه,ر,م,,ل,,ل,,
هرو,ه,ر,و,م,,,,,
هري,ه,ر,ي,,م,,,,
هزأ,ه,ز,أ,,,ك,ك,,
هزج,ه,ز,ج,,,,ل,,
هزر,ه,ز,ر,,ك,,,,
هزز,ه,ز,ز,ك,,,,,
هزع,ه,ز,ع,,,ك,,,
هزف,ه,ز,ف,,م,,,,
هزق,ه,ز,ق,,,,ل,,
هزل,ه,ز,ل,ك,ك,,ل,,
هزم,ه,ز,م,,ك,,,,
هزو,ه,ز,و,ل,,,,,
هسس,ه,س,س,م,ك,,,,
هسع,ه,س,ع,,,ل,,,
هشر,ه,ش,ر,م,,,,,
هشش,ه,ش,ش,ك,ك,,ل,,
هشم,ه,ش,م,,م,,,,
هصر,ه,ص,ر,,ك,,ل,,
هصص,ه,ص,ص,م,ل,,,,
هصم,ه,ص,م,,م,,,,
هصو,ه,ص,و,ل,,,,,
هضب,ه,ض,ب,,ك,,,,
هضض,ه,ض,ض,ك,,,,,
هضل,ه,ض,ل,,ل,,,,
هضم,ه,ض,م,,ك,,ل,,
هطر,ه,ط,ر,,م,,,,
هطع,ه,ط,ع,,,ل,,,
هطف,ه,ط,ف,,ل,,,,
هطل,ه,ط,ل,,ك,,,,
هطو,ه,ط,و,ك,,,,,
هفت,ه,ف,ت,,ل,,,,
هفف,ه,ف,ف,,ل,,,,
هفك,ه,ف,ك,م,م,,,,
هفو,ه,ف,و,ل,,,,,
هقع,ه,ق,ع,,,ك,ل,,
هقف,ه,ق,ف,,,,ل,,
هقق,ه,ق,ق,ك,,,,,
هقم,ه,ق,م,,,,ل,,
هقي,ه,ق,ي,,ك,,,,
هكب,ه,ك,ب,م,,,,,
هكر,ه,ك,ر,,ل,,ل,,
هكع,ه,ك,ع,,,ل,ل,,
هكك,ه,ك,ك,ك,,,,,
هلب,ه,ل,ب,,م,,ل,,
هلت,ه,ل,ت,,ك,,,,
هلج,ه,ل,ج,,ل,,,,
هلد,ه,ل,د,م,,,,,
هلس,ه,ل,س,,ك,,,,
هلع,ه,ل,ع,,,,ل,,
هلك,ه,ل,ك,,ك,,ل,,
هلل,ه,ل,ل,ل,,,,,
هلم,ه,ل,م,,,,ل,,
همأ,ه,م,أ,,,م,,,
همت,ه,م,ت,ل,,,,,
همج,ه,م,ج,ك,,,,,
همد,ه,م,د,ل,,,ل,,
همذ,ه,م,ذ,ل,,,,,
همر,ه,م,ر,ك,ك,,,,
همز,ه,م,ز,,م,,,,
همس,ه,م,س,,ك,,,,
همش,ه,م,ش,م,ل,,ك,,
همط,ه,م,ط,,ك,,,,
همع,ه,م,ع,ل,,ك,,,
همغ,ه,م,غ,,,م,,,
همك,ه,م,ك,م,,,,,
همل,ه,م,ل,ل,ل,,,,
همم,ه,م,م,ك,ك,,,ل,
همي,ه,م,ي,,ل,,,,
هنأ,ه,ن,أ,,,ك,ك,ل,
هنب,ه,ن,ب,,,,ل,,
هند,ه,ن,د,ل,,,,,
هنع,ه,ن,ع,,,ك,ل,,
هنغ,ه,ن,غ,,,ل,,,
هنق,ه,ن,ق,,,,ل,,
هنن,ه,ن,ن,,ل,,,,
هوأ,ه,و,أ,ك,,,ل,,
هوج,ه,و,ج,,,,ل,,
هود,ه,و,د,ل,,,,,
هور,ه,و,ر,ك,,,,,
هوس,ه,و,س,ك,,,ل,,
هوش,ه,و,ش,ل,,,ل,,
هوع,ه,و,ع,ل,,,ل,,
هوك,ه,و,ك,,,,ل,,
هول,ه,و,ل,ك,,,,,
هون,ه,و,ن,ل,,,,,
هوي,ه,و,ي,,ك,,م,,
هيأ,ه,ي,أ,,ل,,ل,,
هيب,ه,ي,ب,,م,,م,,
هيث,ه,ي,ث,,ك,,,,
هيج,ه,ي,ج,,ك,,,,
هيد,ه,ي,د,,م,,,,
هيس,ه,ي,س,,ك,,,,
هيش,ه,ي,ش,,ك,,,,
هيص,ه,ي,ص,,ك,,,,
هيض,ه,ي,ض,,ك,,,,
هيط,ه,ي,ط,,ل,,,,
هيع,ه,ي,ع,,ل,,ل,,
هيغ,ه,ي,غ,,,,ل,,
هيف,ه,ي,ف,,ل,,ل,,
هيل,ه,ي,ل,,م,,,,
هيم,ه,ي,م,,ل,,,,
هين,ه,ي,ن,,ل,,,,
وأب,و,أ,ب,,ل,,ل,,
وأد,و,أ,د,,م,,,,
وأر,و,أ,ر,,ك,,,,
وأص,و,أ,ص,,م,,,,
وأط,و,أ,ط,,م,,,,
وأل,و,أ,ل,,ك,,,,
وأم,و,أ,م,,م,,,,
وأي,و,أ,ي,,ك,,,,
وبأ,و,ب,أ,,,ك,ل,ل,
وبد,و,ب,د,,,,ل,,
وبر,و,ب,ر,,ك,,ل,,
وبش,و,ب,ش,,,,ل,,
وبص,و,ب,ص,,ل,,ل,,
وبط,و,ب,ط,,ك,,ل,ل,
وبغ,و,ب,غ,,م,,,,
وبق,و,ب,ق,,ل,,ل,,ل
وبل,و,ب,ل,,ك,,,ل,
وبه,و,ب,ه,,,ل,ل,,
وتأ,و,ت,أ,,,ل,,,
وتب,و,ت,ب,,ل,,,,
وتح,و,ت,ح,,م,,,ل,
وتخ,و,ت,خ,,م,,,,
وتد,و,ت,د,,ك,,,,
وتر,و,ت,ر,,ك,,,,
وتغ,و,ت,غ,,,,ل,,
وتم,و,ت,م,,,,ل,,
وتن,و,ت,ن,,ك,,,,
وثأ,و,ث,أ,,,ك,ك,,
وثب,و,ث,ب,,ل,,,,
وثج,و,ث,ج,,,,,ل,
وثر,و,ث,ر,,م,,,ل,
وثغ,و,ث,غ,,م,,,,
وثف,و,ث,ف,,م,,,,
وثق,و,ث,ق,,,,,ل,ل
وثل,و,ث,ل,,م,,,,
وثم,و,ث,م,,ك,,ل,ل,
وثن,و,ث,ن,,ل,,,,
وجأ,و,ج,أ,,,م,,,
وجب,و,ج,ب,,ك,,,ل,
وجج,و,ج,ج,ل,,,,,
وجح,و,ج,ح,,ل,ل,,,
وجد,و,ج,د,,ك,,,,ل
وجر,و,ج,ر,,م,,ل,,
وجز,و,ج,ز,,ك,,,ل,
وجس,و,ج,س,,ل,,,,
وجع,و,ج,ع,,,م,ك,,
وجف,و,ج,ف,,ل,,,,
وجل,و,ج,ل,م,,,ل,ل,
وجم,و,ج,م,,ك,,,,
وجن,و,ج,ن,,ك,,,,
وجه,و,ج,ه,,م,,,ل,
وجي,و,ج,ي,,م,,ل,,
وحج,و,ح,ج,,,,ل,,
وحد,و,ح,د,,ك,,ل,ل,
وحر,و,ح,ر,,,,ل,,ل
وحش,و,ح,ش,,ل,,ل,,
وحص,و,ح,ص,,م,,,,
وحف,و,ح,ف,,ل,,ل,ل,
وحل,و,ح,ل,,ك,,ل,,
وحم,و,ح,م,,,,ك,,ك
وحن,و,ح,ن,,ل,,ل,,
وحي,و,ح,ي,,ك,,,,
وخد,و,خ,د,,ل,,,,
وخز,و,خ,ز,,ك,,,,
وخش,و,خ,ش,,,,,ل,
وخض,و,خ,ض,,م,,,,
وخط,و,خ,ط,,ك,,,,
وخف,و,خ,ف,,ك,,,,
وخم,و,خ,م,,ك,,ل,ل,
وخي,و,خ,ي,,ك,,,,
ودأ,و,د,أ,,,ك,ل,,
ودج,و,د,ج,,ك,,,,
ودد,و,د,د,,,,م,,
ودر,و,د,ر,,ل,,,,
ودس,و,د,س,,ل,,,,
ودع,و,د,ع,,,ك,,ل,
ودف,و,د,ف,,ك,,,,
ودق,و,د,ق,,ك,,ل,ل,
ودك,و,د,ك,,,,ل,ل,
ودل,و,د,ل,,م,,,,
ودن,و,د,ن,,م,,ل,,
وده,و,د,ه,,ل,,,,
ودي,و,د,ي,,ك,,,,
وذأ,و,ذ,أ,,,ك,,,
وذح,و,ذ,ح,,,,ل,,
وذر,و,ذ,ر,,م,,م,,
وذع,و,ذ,ع,,,ل,,,
وذف,و,ذ,ف,,ل,,,,
وذم,و,ذ,م,,,,ل,,
وذي,و,ذ,ي,,م,,,,
ورأ,و,ر,أ,,,ك,,,
ورب,و,ر,ب,,,,ل,,
ورث,و,ر,ث,,,,,,م
ورخ,و,ر,خ,,,,ل,,
ورد,و,ر,د,,ك,,,ل,
ورذ,و,ر,ذ,,ل,,,,
ورس,و,ر,س,,ل,,ل,,
ورش,و,ر,ش,,ك,,ل,,
ورص,و,ر,ص,,ل,,,,
ورض,و,ر,ض,,ل,,,,
ورط,و,ر,ط,,م,,,,
ورع,و,ر,ع,,,ك,ل,ل,ل
ورف,و,ر,ف,,ل,,,,
ورق,و,ر,ق,,ك,,,,
ورك,و,ر,ك,,ك,,ل,,ل
ورم,و,ر,م,,,,,,ل
وره,و,ر,ه,,,,ل,,ل
وري,و,ر,ي,,ك,,ل,,ل
وزأ,و,ز,أ,,,ك,,,
وزب,و,ز,ب,,ل,,,,
وزر,و,ز,ر,,ك,,ل,,
وزع,و,ز,ع,,ك,ك,,,
وزغ,و,ز,غ,,ل,,,,
وزف,و,ز,ف,,ك,,,,
وزم,و,ز,م,,ك,,,,
وزن,و,ز,ن,,ك,,,ل,
وزي,و,ز,ي,,ك,,,,
وسب,و,س,ب,,ل,,ل,,
وسج,و,س,ج,,ل,,,,
وسخ,و,س,خ,,,,ل,,
وسط,و,س,ط,,ك,,,ل,
وسع,و,س,ع,,,ك,ك,ل,
وسق,و,س,ق,,ك,,,,
وسل,و,س,ل,,ل,,,,
وسم,و,س,م,,م,,,ل,
وسن,و,س,ن,,,,ل,,
وسي,و,س,ي,,م,,,,
وشج,و,ش,ج,,ك,,,,
وشر,و,ش,ر,,ك,,,,
وشظ,و,ش,ظ,,ك,,,,
وشع,و,ش,ع,,,ك,,,
وشغ,و,ش,غ,,ل,,,,
وشق,و,ش,ق,,ك,,ل,,
وشك,و,ش,ك,,,,,ل,
وشل,و,ش,ل,,ل,,,,
وشم,و,ش,م,,م,,,,
وشي,و,ش,ي,,ك,,,,
وصأ,و,ص,أ,,,,ل,,
وصب,و,ص,ب,,ل,,ل,,
وصد,و,ص,د,,ك,,,,
وصص,و,ص,ص,ل,,,,,
وصع,و,ص,ع,,,م,,,
وصف,و,ص,ف,,ك,,,ل,
وصل,و,ص,ل,,ك,,,,
وصم,و,ص,م,,م,,,,
وصي,و,ص,ي,,ك,,,,
وضأ,و,ض,أ,,,م,,ل,
وضح,و,ض,ح,,ل,,ل,,
وضخ,و,ض,خ,,م,,,,
وضر,و,ض,ر,,,,ل,,
وضع,و,ض,ع,,,ك,ل,ل,
وضف,و,ض,ف,,ل,,,,
وضم,و,ض,م,,ك,,,,
وضن,و,ض,ن,,م,,,,
وطأ,و,ط,أ,,,م,م,ل,
وطح,و,ط,ح,,م,,,,
وطد,و,ط,د,,ك,,,,
وطس,و,ط,س,,م,,,,
وطش,و,ط,ش,,ك,,,,
وطط,و,ط,ط,ل,,,,,
وطف,و,ط,ف,,ك,,ل,,
وطم,و,ط,م,,م,,ل,,
وطن,و,ط,ن,,ل,,,,
وظب,و,ظ,ب,,ك,,,,
وظف,و,ظ,ف,,م,,,,
وعب,و,ع,ب,,م,,,,
وعث,و,ع,ث,,,,ل,ل,
وعد,و,ع,د,,ك,,,,
وعر,و,ع,ر,,ك,,ل,ل,
وعز,و,ع,ز,,ك,,,,
وعس,و,ع,س,,م,,,,
وعظ,و,ع,ظ,,م,,,,
وعف,و,ع,ف,,ل,,,,
وعق,و,ع,ق,,ل,,,,ل
وعك,و,ع,ك,,ك,,,,
وعل,و,ع,ل,,ل,,,,
وعم,و,ع,م,,ك,,,,
وعي,و,ع,ي,,ك,,,,
وغب,و,غ,ب,,,,,ل,
وغد,و,غ,د,,م,,,ل,
وغر,و,غ,ر,,ك,,ل,,
وغف,و,غ,ف,,ل,,,,
وغل,و,غ,ل,,ك,,,,
وغم,و,غ,م,,ك,,ل,,
وفد,و,ف,د,,ل,,,,
وفر,و,ف,ر,,ك,,,ل,
وفز,و,ف,ز,,ل,,,,
وفض,و,ف,ض,,ل,,,,
وفق,و,ف,ق,,,,,,ك
وفل,و,ف,ل,,م,,,,
وفه,و,ف,ه,,,ل,,,
وفي,و,ف,ي,,ك,,,,
وقب,و,ق,ب,,ل,,,,
وقت,و,ق,ت,,م,,,,
وقح,و,ق,ح,,ل,,ل,ل,
وقد,و,ق,د,,ك,,,,
وقذ,و,ق,ذ,,م,,,,
وقر,و,ق,ر,,ك,,ل,ل,
وقس,و,ق,س,,ك,,,,
وقش,و,ق,ش,,ك,,,,
وقص,و,ق,ص,,ك,,ل,,
وقط,و,ق,ط,,ك,,,,
وقظ,و,ق,ظ,,ك,,,,
وقع,و,ق,ع,,,ك,ل,,
وقف,و,ق,ف,,ك,,,,
وقل,و,ق,ل,,ل,,,,
وقم,و,ق,م,,م,,,,
وقه,و,ق,ه,,,,,,ل
وقي,و,ق,ي,,ك,,,,
وكب,و,ك,ب,,ل,,ل,,
وكت,و,ك,ت,,ك,,,,
وكح,و,ك,ح,,م,,,,
وكد,و,ك,د,,ك,,,,
وكر,و,ك,ر,,ك,,,,
وكز,و,ك,ز,,ك,,,,
وكس,و,ك,س,,ك,,,,
وكظ,و,ك,ظ,,ك,,,,
وكع,و,ك,ع,,,ك,ل,ل,
وكف,و,ك,ف,,ك,,ل,,
وكل,و,ك,ل,,ك,,,,
وكم,و,ك,م,,م,,,,ل
وكن,و,ك,ن,,ك,,,,
وكي,و,ك,ي,,م,,,,
ولب,و,ل,ب,,ك,,,,
ولت,و,ل,ت,,م,,,,
ولث,و,ل,ث,,ك,,,,
ولج,و,ل,ج,,ك,,,,
ولح,و,ل,ح,,م,,,,
ولخ,و,ل,خ,,م,,,,
ولد,و,ل,د,,ك,,,,
ولذ,و,ل,ذ,,ل,,,,
ولس,و,ل,س,,ك,,,,
ولع,و,ل,ع,,,ك,ل,,
ولغ,و,ل,غ,,ك,ك,ك,,ل
ولف,و,ل,ف,,ل,,,,
ولق,و,ل,ق,,ك,,,,
وله,و,ل,ه,,ل,,ل,,ل
ولي,و,ل,ي,,م,,,,م
ومأ,و,م,أ,,,ل,,,
ومد,و,م,د,,,,ل,,
ومز,و,م,ز,,ل,,,,
ومس,و,م,س,,ك,,,,
ومض,و,م,ض,,ل,,,,
ومق,و,م,ق,,,,,,م
ومه,و,م,ه,,,,ل,,
ونك,و,ن,ك,,ل,,,,
ونم,و,ن,م,,ل,,,,
وني,و,ن,ي,,ك,,ل,,
وهب,و,ه,ب,,,ك,,,
وهت,و,ه,ت,,م,,,,
وهث,و,ه,ث,,ك,,,,
وهج,و,ه,ج,,ل,,,,
وهر,و,ه,ر,,م,,,,
وهز,و,ه,ز,,م,,,,
وهس,و,ه,س,,ك,,,,
وهص,و,ه,ص,,م,,,,
وهط,و,ه,ط,,ك,,,,
وهف,و,ه,ف,,ل,,,,
وهق,و,ه,ق,,م,,,,
وهل,و,ه,ل,,ل,ل,ل,,
وهم,و,ه,م,,ك,,ل,,ل
وهن,و,ه,ن,,ك,,,,ل
وهي,و,ه,ي,,ل,,,,ل
يأس,ي,أ,س,,,,ك,,ل
يبس,ي,ب,س,,,,ل,,ل
يتم,ي,ت,م,,ل,,ل,ل,
يتن,ي,ت,ن,,ل,,,,
يدي,ي,د,ي,,ك,,ل,,
يرر,ي,ر,ر,,,,ل,,
يرع,ي,ر,ع,,,,ل,,
يسر,ي,س,ر,,ك,,ل,ل,
يسس,ي,س,س,,ل,,,,
يعر,ي,ع,ر,,ل,ل,,,
يفخ,ي,ف,خ,,,م,,,
يفع,ي,ف,ع,,,ك,,,
يقظ,ي,ق,ظ,,,,ل,ل,
يقق,ي,ق,ق,,,,ل,,
يقن,ي,ق,ن,,,,ك,,
يلل,ي,ل,ل,,,,ل,,
يمن,ي,م,ن,ك,ك,,,ل,
ينع,ي,ن,ع,,,ل,,,
يهم,ي,ه,م,,,,ل,,
